time,variable,trans,value
2020-01-07,activ.dom,maxmin,88.2062314422294
2020-01-07,activ.dom,meanvar,-3.3189052964422
2020-01-07,activ.int,maxmin,103.88085901925
2020-01-07,activ.int,meanvar,1.18734327726382
2020-01-07,activ.tot,maxmin,90.8716084415271
2020-01-07,activ.tot,meanvar,-2.97234573273674
2020-01-07,mobil,maxmin,82.3629156871638
2020-01-07,mobil,meanvar,-3.8949966181854
2020-01-07,sales,maxmin,97.7828003047059
2020-01-07,sales,meanvar,-0.52287859549175
2020-01-08,activ.dom,maxmin,89.8083092367869
2020-01-08,activ.dom,meanvar,-2.8680617470183
2020-01-08,activ.int,maxmin,102.988242267153
2020-01-08,activ.int,meanvar,0.914248456112678
2020-01-08,activ.tot,maxmin,92.067793713525
2020-01-08,activ.tot,meanvar,-2.58284927369349
2020-01-08,mobil,maxmin,85.2924496615846
2020-01-08,mobil,meanvar,-3.24803452848649
2020-01-08,sales,maxmin,97.3383115542624
2020-01-08,sales,meanvar,-0.627701654071939
2020-01-09,activ.dom,maxmin,91.4103870313444
2020-01-09,activ.dom,meanvar,-2.4172181975944
2020-01-09,activ.int,maxmin,102.095625515057
2020-01-09,activ.int,meanvar,0.641153634961531
2020-01-09,activ.tot,maxmin,93.2639789855229
2020-01-09,activ.tot,meanvar,-2.19335281465024
2020-01-09,mobil,maxmin,88.2219836360054
2020-01-09,mobil,meanvar,-2.60107243878759
2020-01-09,sales,maxmin,96.8938228038188
2020-01-09,sales,meanvar,-0.732524712652126
2020-01-10,activ.dom,maxmin,92.9404954089594
2020-01-10,activ.dom,meanvar,-1.98662768924911
2020-01-10,activ.int,maxmin,101.216386572116
2020-01-10,activ.int,meanvar,0.372151735425598
2020-01-10,activ.tot,maxmin,94.4028295087679
2020-01-10,activ.tot,meanvar,-1.82252543818321
2020-01-10,mobil,maxmin,91.0275134176993
2020-01-10,mobil,meanvar,-1.98149559614796
2020-01-10,sales,maxmin,96.4313890469597
2020-01-10,sales,meanvar,-0.841579712888536
2020-01-11,activ.dom,maxmin,94.4706037865745
2020-01-11,activ.dom,meanvar,-1.55603718090382
2020-01-11,activ.int,maxmin,100.337147629175
2020-01-11,activ.int,meanvar,0.103149835889669
2020-01-11,activ.tot,maxmin,95.5416800320129
2020-01-11,activ.tot,meanvar,-1.45169806171618
2020-01-11,mobil,maxmin,93.8330431993931
2020-01-11,mobil,meanvar,-1.36191875350834
2020-01-11,sales,maxmin,95.9689552901006
2020-01-11,sales,meanvar,-0.950634713124941
2020-01-12,activ.dom,maxmin,96.0037496818298
2020-01-12,activ.dom,meanvar,-1.12459187933997
2020-01-12,activ.int,maxmin,99.1823871585882
2020-01-12,activ.int,meanvar,-0.250147481740425
2020-01-12,activ.tot,maxmin,96.6344137425645
2020-01-12,activ.tot,meanvar,-1.09588703402633
2020-01-12,mobil,maxmin,96.6062955614286
2020-01-12,mobil,meanvar,-0.749470098169001
2020-01-12,sales,maxmin,95.4328097185027
2020-01-12,sales,meanvar,-1.07707305066001
2020-01-13,activ.dom,maxmin,97.5368955770852
2020-01-13,activ.dom,meanvar,-0.693146577776116
2020-01-13,activ.int,maxmin,98.0276266880012
2020-01-13,activ.int,meanvar,-0.603444799370519
2020-01-13,activ.tot,maxmin,97.7271474531161
2020-01-13,activ.tot,meanvar,-0.740076006336489
2020-01-13,mobil,maxmin,99.3795479234641
2020-01-13,mobil,meanvar,-0.137021442829671
2020-01-13,sales,maxmin,94.8966641469047
2020-01-13,sales,meanvar,-1.20351138819509
2020-01-14,activ.dom,maxmin,97.9954739232786
2020-01-14,activ.dom,meanvar,-0.564097233237965
2020-01-14,activ.int,maxmin,97.0410417887058
2020-01-14,activ.int,meanvar,-0.905289041023711
2020-01-14,activ.tot,maxmin,97.9443846000425
2020-01-14,activ.tot,meanvar,-0.669340225282113
2020-01-14,mobil,maxmin,100.209803117528
2020-01-14,mobil,meanvar,0.0463331931037896
2020-01-14,sales,maxmin,94.348598802246
2020-01-14,sales,meanvar,-1.3327607464108
2020-01-15,activ.dom,maxmin,98.4540522694719
2020-01-15,activ.dom,meanvar,-0.435047888699817
2020-01-15,activ.int,maxmin,96.0544568894105
2020-01-15,activ.int,meanvar,-1.2071332826769
2020-01-15,activ.tot,maxmin,98.161621746969
2020-01-15,activ.tot,meanvar,-0.598604444227741
2020-01-15,mobil,maxmin,101.040058311591
2020-01-15,mobil,meanvar,0.229687829037247
2020-01-15,sales,maxmin,93.8005334575873
2020-01-15,sales,meanvar,-1.46201010462652
2020-01-16,activ.dom,maxmin,98.3550243939724
2020-01-16,activ.dom,meanvar,-0.462915498521132
2020-01-16,activ.int,maxmin,95.8799358472456
2020-01-16,activ.int,meanvar,-1.26052774640973
2020-01-16,activ.tot,maxmin,98.0487867733322
2020-01-16,activ.tot,meanvar,-0.635345259983116
2020-01-16,mobil,maxmin,101.163759517586
2020-01-16,mobil,meanvar,0.257006164112862
2020-01-16,sales,maxmin,93.2688471712441
2020-01-16,sales,meanvar,-1.58739681617777
2020-01-17,activ.dom,maxmin,98.2559965184729
2020-01-17,activ.dom,meanvar,-0.490783108342449
2020-01-17,activ.int,maxmin,95.7054148050807
2020-01-17,activ.int,meanvar,-1.31392221014255
2020-01-17,activ.tot,maxmin,97.9359517996954
2020-01-17,activ.tot,meanvar,-0.672086075738495
2020-01-17,mobil,maxmin,101.28746072358
2020-01-17,mobil,meanvar,0.284324499188477
2020-01-17,sales,maxmin,92.7371608849009
2020-01-17,sales,meanvar,-1.71278352772903
2020-01-18,activ.dom,maxmin,98.0150562320762
2020-01-18,activ.dom,meanvar,-0.558586541039231
2020-01-18,activ.int,maxmin,95.7289997087424
2020-01-18,activ.int,meanvar,-1.3067064425332
2020-01-18,activ.tot,maxmin,97.7348259772528
2020-01-18,activ.tot,meanvar,-0.737575759901489
2020-01-18,mobil,maxmin,101.189261246722
2020-01-18,mobil,meanvar,0.262637999113529
2020-01-18,sales,maxmin,92.3143895573053
2020-01-18,sales,meanvar,-1.81248500182562
2020-01-19,activ.dom,maxmin,97.7741159456795
2020-01-19,activ.dom,meanvar,-0.626389973736019
2020-01-19,activ.int,maxmin,95.752584612404
2020-01-19,activ.int,meanvar,-1.29949067492386
2020-01-19,activ.tot,maxmin,97.5337001548101
2020-01-19,activ.tot,meanvar,-0.803065444064479
2020-01-19,mobil,maxmin,101.091061769863
2020-01-19,mobil,meanvar,0.24095149903858
2020-01-19,sales,maxmin,91.8916182297098
2020-01-19,sales,meanvar,-1.91218647592221
2020-01-20,activ.dom,maxmin,98.3121815196093
2020-01-20,activ.dom,meanvar,-0.474971987669793
2020-01-20,activ.int,maxmin,96.1896951114785
2020-01-20,activ.int,meanvar,-1.16575734167903
2020-01-20,activ.tot,maxmin,98.0524105873926
2020-01-20,activ.tot,meanvar,-0.634165289975289
2020-01-20,mobil,maxmin,101.395278965326
2020-01-20,mobil,meanvar,0.308135219800189
2020-01-20,sales,maxmin,92.7477233852651
2020-01-20,sales,meanvar,-1.71029259045935
2020-01-21,activ.dom,maxmin,98.8502470935391
2020-01-21,activ.dom,meanvar,-0.323554001603568
2020-01-21,activ.int,maxmin,96.6268056105529
2020-01-21,activ.int,meanvar,-1.03202400843421
2020-01-21,activ.tot,maxmin,98.571121019975
2020-01-21,activ.tot,meanvar,-0.465265135886103
2020-01-21,mobil,maxmin,101.699496160789
2020-01-21,mobil,meanvar,0.375318940561797
2020-01-21,sales,maxmin,93.6038285408204
2020-01-21,sales,meanvar,-1.50839870499649
2020-01-22,activ.dom,maxmin,99.9783415661264
2020-01-22,activ.dom,meanvar,-0.00609493823315448
2020-01-22,activ.int,maxmin,97.6312329953058
2020-01-22,activ.int,meanvar,-0.724720883824295
2020-01-22,activ.tot,maxmin,99.6859345452106
2020-01-22,activ.tot,meanvar,-0.102264578416012
2020-01-22,mobil,maxmin,102.380717500472
2020-01-22,mobil,meanvar,0.525760746431557
2020-01-22,sales,maxmin,95.4745831838835
2020-01-22,sales,meanvar,-1.06722168230851
2020-01-23,activ.dom,maxmin,101.106436038714
2020-01-23,activ.dom,meanvar,0.311364125137254
2020-01-23,activ.int,maxmin,98.6356603800586
2020-01-23,activ.int,meanvar,-0.417417759214386
2020-01-23,activ.tot,maxmin,100.800748070446
2020-01-23,activ.tot,meanvar,0.26073597905407
2020-01-23,mobil,maxmin,103.061938840155
2020-01-23,mobil,meanvar,0.676202552301316
2020-01-23,sales,maxmin,97.3453378269467
2020-01-23,sales,meanvar,-0.626044659620543
2020-01-24,activ.dom,maxmin,101.502732805066
2020-01-24,activ.dom,meanvar,0.422886699992395
2020-01-24,activ.int,maxmin,99.9161061151547
2020-01-24,activ.int,meanvar,-0.0256672143153344
2020-01-24,activ.tot,maxmin,101.356195703923
2020-01-24,activ.tot,meanvar,0.441598334984827
2020-01-24,mobil,maxmin,102.59256025588
2020-01-24,mobil,meanvar,0.572544375815243
2020-01-24,sales,maxmin,99.2781749546124
2020-01-24,sales,meanvar,-0.170226825632392
2020-01-25,activ.dom,maxmin,101.899029571418
2020-01-25,activ.dom,meanvar,0.534409274847536
2020-01-25,activ.int,maxmin,101.196551850251
2020-01-25,activ.int,meanvar,0.366083330583717
2020-01-25,activ.tot,maxmin,101.9116433374
2020-01-25,activ.tot,meanvar,0.622460690915588
2020-01-25,mobil,maxmin,102.123181671605
2020-01-25,mobil,meanvar,0.468886199329169
2020-01-25,sales,maxmin,101.211012082278
2020-01-25,sales,meanvar,0.285591008355759
2020-01-26,activ.dom,maxmin,102.268385682643
2020-01-26,activ.dom,meanvar,0.638350432232143
2020-01-26,activ.int,maxmin,102.327320072909
2020-01-26,activ.int,meanvar,0.712040254207429
2020-01-26,activ.tot,maxmin,102.414153714378
2020-01-26,activ.tot,meanvar,0.786085855885571
2020-01-26,mobil,maxmin,101.806273529806
2020-01-26,mobil,meanvar,0.398899793487431
2020-01-26,sales,maxmin,102.735025598165
2020-01-26,sales,meanvar,0.644996635367443
2020-01-27,activ.dom,maxmin,102.637741793869
2020-01-27,activ.dom,meanvar,0.742291589616753
2020-01-27,activ.int,maxmin,103.458088295567
2020-01-27,activ.int,meanvar,1.05799717783114
2020-01-27,activ.tot,maxmin,102.916664091355
2020-01-27,activ.tot,meanvar,0.949711020855564
2020-01-27,mobil,maxmin,101.489365388007
2020-01-27,mobil,meanvar,0.328913387645699
2020-01-27,sales,maxmin,104.259039114052
2020-01-27,sales,meanvar,1.00440226237913
2020-01-28,activ.dom,maxmin,102.395596142245
2020-01-28,activ.dom,meanvar,0.674148952956462
2020-01-28,activ.int,maxmin,104.140531832635
2020-01-28,activ.int,meanvar,1.26678980385291
2020-01-28,activ.tot,maxmin,102.829600920841
2020-01-28,activ.tot,meanvar,0.921361903522211
2020-01-28,mobil,maxmin,100.874309342099
2020-01-28,mobil,meanvar,0.193083611231865
2020-01-28,sales,maxmin,104.623086829697
2020-01-28,sales,meanvar,1.09025504264625
2020-01-29,activ.dom,maxmin,102.15345049062
2020-01-29,activ.dom,meanvar,0.606006316296171
2020-01-29,activ.int,maxmin,104.822975369703
2020-01-29,activ.int,meanvar,1.47558242987467
2020-01-29,activ.tot,maxmin,102.742537750327
2020-01-29,activ.tot,meanvar,0.893012786188868
2020-01-29,mobil,maxmin,100.259253296191
2020-01-29,mobil,meanvar,0.0572538348180335
2020-01-29,sales,maxmin,104.987134545342
2020-01-29,sales,meanvar,1.17610782291337
2020-01-30,activ.dom,maxmin,101.676018208357
2020-01-30,activ.dom,meanvar,0.471651252218599
2020-01-30,activ.int,maxmin,104.893710310417
2020-01-30,activ.int,meanvar,1.49722368401656
2020-01-30,activ.tot,maxmin,102.33682546146
2020-01-30,activ.tot,meanvar,0.760906578560855
2020-01-30,mobil,maxmin,99.3350420563532
2020-01-30,mobil,meanvar,-0.146850176355679
2020-01-30,sales,maxmin,105.005173327885
2020-01-30,sales,meanvar,1.18036187964111
2020-01-31,activ.dom,maxmin,101.198585926094
2020-01-31,activ.dom,meanvar,0.337296188141023
2020-01-31,activ.int,maxmin,104.964445251131
2020-01-31,activ.int,meanvar,1.51886493815844
2020-01-31,activ.tot,maxmin,101.931113172593
2020-01-31,activ.tot,meanvar,0.628800370932837
2020-01-31,mobil,maxmin,98.4108308165149
2020-01-31,mobil,meanvar,-0.350954187529392
2020-01-31,sales,maxmin,105.023212110428
2020-01-31,sales,meanvar,1.18461593636886
2020-02-01,activ.dom,maxmin,101.644122851241
2020-02-01,activ.dom,meanvar,0.462675523286494
2020-02-01,activ.int,maxmin,104.657830829191
2020-02-01,activ.int,meanvar,1.42505669343821
2020-02-01,activ.tot,maxmin,102.230677853904
2020-02-01,activ.tot,meanvar,0.726343272819709
2020-02-01,mobil,maxmin,98.9812159330662
2020-02-01,mobil,meanvar,-0.224989597202328
2020-02-01,sales,maxmin,105.022861619842
2020-02-01,sales,meanvar,1.18453328074442
2020-02-02,activ.dom,maxmin,102.089659776389
2020-02-02,activ.dom,meanvar,0.588054858431971
2020-02-02,activ.int,maxmin,104.351216407251
2020-02-02,activ.int,meanvar,1.33124844871797
2020-02-02,activ.tot,maxmin,102.530242535215
2020-02-02,activ.tot,meanvar,0.823886174706575
2020-02-02,mobil,maxmin,99.5516010496174
2020-02-02,mobil,meanvar,-0.0990250068752656
2020-02-02,sales,maxmin,105.022511129256
2020-02-02,sales,meanvar,1.18445062511998
2020-02-03,activ.dom,maxmin,103.02385809633
2020-02-03,activ.dom,meanvar,0.850949262098698
2020-02-03,activ.int,maxmin,103.921112086523
2020-02-03,activ.int,meanvar,1.19965864573742
2020-02-03,activ.tot,maxmin,103.227799087776
2020-02-03,activ.tot,meanvar,1.05102139662013
2020-02-03,mobil,maxmin,101.234444844954
2020-02-03,mobil,meanvar,0.272616403661125
2020-02-03,sales,maxmin,104.830022897277
2020-02-03,sales,meanvar,1.13905643866074
2020-02-04,activ.dom,maxmin,103.95805641627
2020-02-04,activ.dom,meanvar,1.11384366576543
2020-02-04,activ.int,maxmin,103.491007765795
2020-02-04,activ.int,meanvar,1.06806884275686
2020-02-04,activ.tot,maxmin,103.925355640337
2020-02-04,activ.tot,meanvar,1.27815661853369
2020-02-04,mobil,maxmin,102.917288640291
2020-02-04,mobil,meanvar,0.644257814197518
2020-02-04,sales,maxmin,104.637534665299
2020-02-04,sales,meanvar,1.0936622522015
2020-02-05,activ.dom,maxmin,104.854335558723
2020-02-05,activ.dom,meanvar,1.36606716654092
2020-02-05,activ.int,maxmin,102.881942680453
2020-02-05,activ.int,meanvar,0.881726249297404
2020-02-05,activ.tot,maxmin,104.577791933892
2020-02-05,activ.tot,meanvar,1.49059998499187
2020-02-05,mobil,maxmin,104.7554812481
2020-02-05,mobil,meanvar,1.05020665834837
2020-02-05,sales,maxmin,104.140234829713
2020-02-05,sales,meanvar,0.976384841365969
2020-02-06,activ.dom,maxmin,105.750614701176
2020-02-06,activ.dom,meanvar,1.61829066731641
2020-02-06,activ.int,maxmin,102.27287759511
2020-02-06,activ.int,meanvar,0.695383655837947
2020-02-06,activ.tot,maxmin,105.230228227447
2020-02-06,activ.tot,meanvar,1.70304335145005
2020-02-06,mobil,maxmin,106.593673855908
2020-02-06,mobil,meanvar,1.45615550249922
2020-02-06,sales,maxmin,103.642934994127
2020-02-06,sales,meanvar,0.859107430530435
2020-02-07,activ.dom,maxmin,105.335278362494
2020-02-07,activ.dom,meanvar,1.50141013269318
2020-02-07,activ.int,maxmin,101.754651320033
2020-02-07,activ.int,meanvar,0.536833066712507
2020-02-07,activ.tot,maxmin,104.793163396605
2020-02-07,activ.tot,meanvar,1.56072827035821
2020-02-07,mobil,maxmin,106.206364649364
2020-02-07,mobil,meanvar,1.37062163403653
2020-02-07,sales,maxmin,103.153047669049
2020-02-07,sales,meanvar,0.743578099983421
2020-02-08,activ.dom,maxmin,104.919942023813
2020-02-08,activ.dom,meanvar,1.38452959806995
2020-02-08,activ.int,maxmin,101.236425044955
2020-02-08,activ.int,meanvar,0.378282477587064
2020-02-08,activ.tot,maxmin,104.356098565763
2020-02-08,activ.tot,meanvar,1.41841318926638
2020-02-08,mobil,maxmin,105.819055442821
2020-02-08,mobil,meanvar,1.28508776557384
2020-02-08,sales,maxmin,102.66316034397
2020-02-08,sales,meanvar,0.628048769436405
2020-02-09,activ.dom,maxmin,103.781744903913
2020-02-09,activ.dom,meanvar,1.06422753082775
2020-02-09,activ.int,maxmin,101.532828486099
2020-02-09,activ.int,meanvar,0.468966687308221
2020-02-09,activ.tot,maxmin,103.444058026632
2020-02-09,activ.tot,meanvar,1.12143865796971
2020-02-09,mobil,maxmin,104.182066351799
2020-02-09,mobil,meanvar,0.923572967524361
2020-02-09,sales,maxmin,102.650986011655
2020-02-09,sales,meanvar,0.625177716461272
2020-02-10,activ.dom,maxmin,102.643547784013
2020-02-10,activ.dom,meanvar,0.743925463585538
2020-02-10,activ.int,maxmin,101.829231927242
2020-02-10,activ.int,meanvar,0.55965089702938
2020-02-10,activ.tot,maxmin,102.5320174875
2020-02-10,activ.tot,meanvar,0.824464126673048
2020-02-10,mobil,maxmin,102.545077260777
2020-02-10,mobil,meanvar,0.562058169474878
2020-02-10,sales,maxmin,102.638811679341
2020-02-10,sales,meanvar,0.622306663486138
2020-02-11,activ.dom,maxmin,101.595925813212
2020-02-11,activ.dom,meanvar,0.449112309458376
2020-02-11,activ.int,maxmin,101.987160448903
2020-02-11,activ.int,meanvar,0.607968902798602
2020-02-11,activ.tot,maxmin,101.664747769621
2020-02-11,activ.tot,meanvar,0.542067668484676
2020-02-11,mobil,maxmin,101.060979728232
2020-02-11,mobil,meanvar,0.234308141874554
2020-02-11,sales,maxmin,102.642721365092
2020-02-11,sales,meanvar,0.623228678313468
2020-02-12,activ.dom,maxmin,100.548303842411
2020-02-12,activ.dom,meanvar,0.15429915533121
2020-02-12,activ.int,maxmin,102.145088970563
2020-02-12,activ.int,meanvar,0.656286908567824
2020-02-12,activ.tot,maxmin,100.797478051742
2020-02-12,activ.tot,meanvar,0.259671210296302
2020-02-12,mobil,maxmin,99.5768821956863
2020-02-12,mobil,meanvar,-0.0934418857257699
2020-02-12,sales,maxmin,102.646631050843
2020-02-12,sales,meanvar,0.624150693140796
2020-02-13,activ.dom,maxmin,100.03331233181
2020-02-13,activ.dom,meanvar,0.00937448229029761
2020-02-13,activ.int,maxmin,102.322721820274
2020-02-13,activ.int,meanvar,0.71063342537746
2020-02-13,activ.tot,maxmin,100.380384478182
2020-02-13,activ.tot,meanvar,0.123859080023037
2020-02-13,mobil,maxmin,99.3811988729489
2020-02-13,mobil,meanvar,-0.136656845000134
2020-02-13,sales,maxmin,102.263106338523
2020-02-13,sales,meanvar,0.533704684448092
2020-02-14,activ.dom,maxmin,99.5183208212093
2020-02-14,activ.dom,meanvar,-0.135550190750618
2020-02-14,activ.int,maxmin,102.500354669985
2020-02-14,activ.int,meanvar,0.764979942187098
2020-02-14,activ.tot,maxmin,99.9632909046211
2020-02-14,activ.tot,meanvar,-0.0119530502502224
2020-02-14,mobil,maxmin,99.1855155502114
2020-02-14,mobil,meanvar,-0.179871804274496
2020-02-14,sales,maxmin,101.879581626203
2020-02-14,sales,meanvar,0.44325867575539
2020-02-15,activ.dom,maxmin,99.6580362713271
2020-02-15,activ.dom,meanvar,-0.0962326184988324
2020-02-15,activ.int,maxmin,101.954724479329
2020-02-15,activ.int,meanvar,0.598045164207722
2020-02-15,activ.tot,maxmin,99.9835341039079
2020-02-15,activ.tot,meanvar,-0.00536155090102089
2020-02-15,mobil,maxmin,100.132565439415
2020-02-15,mobil,meanvar,0.0292759239026761
2020-02-15,sales,maxmin,101.044532172028
2020-02-15,sales,meanvar,0.246330322079402
2020-02-16,activ.dom,maxmin,99.797751721445
2020-02-16,activ.dom,meanvar,-0.0569150462470455
2020-02-16,activ.int,maxmin,101.409094288673
2020-02-16,activ.int,meanvar,0.431110386228338
2020-02-16,activ.tot,maxmin,100.003777303195
2020-02-16,activ.tot,meanvar,0.00122994844819332
2020-02-16,mobil,maxmin,101.079615328618
2020-02-16,mobil,meanvar,0.238423652079846
2020-02-16,sales,maxmin,100.209482717853
2020-02-16,sales,meanvar,0.0494019684034171
2020-02-17,activ.dom,maxmin,99.6567416872663
2020-02-17,activ.dom,meanvar,-0.0965969296920841
2020-02-17,activ.int,maxmin,100.466274630017
2020-02-17,activ.int,meanvar,0.142656057476709
2020-02-17,activ.tot,maxmin,99.7199995236031
2020-02-17,activ.tot,meanvar,-0.0911724936262323
2020-02-17,mobil,maxmin,101.391430558222
2020-02-17,mobil,meanvar,0.307285332574424
2020-02-17,sales,maxmin,99.1526788315795
2020-02-17,sales,meanvar,-0.199822372073439
2020-02-18,activ.dom,maxmin,99.5157316530876
2020-02-18,activ.dom,meanvar,-0.136278813137132
2020-02-18,activ.int,maxmin,99.5234549713608
2020-02-18,activ.int,meanvar,-0.145798271274915
2020-02-18,activ.tot,maxmin,99.4362217440115
2020-02-18,activ.tot,meanvar,-0.183574935700664
2020-02-18,mobil,maxmin,101.703245787826
2020-02-18,mobil,meanvar,0.376147013068999
2020-02-18,sales,maxmin,98.0958749453055
2020-02-18,sales,meanvar,-0.449046712550296
2020-02-19,activ.dom,maxmin,99.6900195374271
2020-02-19,activ.dom,meanvar,-0.0872321509437271
2020-02-19,activ.int,maxmin,98.5030794175939
2020-02-19,activ.int,meanvar,-0.457980715429687
2020-02-19,activ.tot,maxmin,99.3876745353793
2020-02-19,activ.tot,meanvar,-0.199382659053659
2020-02-19,mobil,maxmin,102.018015961799
2020-02-19,mobil,meanvar,0.445661267317847
2020-02-19,sales,maxmin,97.65549894827
2020-02-19,sales,meanvar,-0.55289986718805
2020-02-20,activ.dom,maxmin,99.8643074217666
2020-02-20,activ.dom,meanvar,-0.0381854887503247
2020-02-20,activ.int,maxmin,97.4827038638271
2020-02-20,activ.int,meanvar,-0.770163159584454
2020-02-20,activ.tot,maxmin,99.3391273267472
2020-02-20,activ.tot,meanvar,-0.215190382406652
2020-02-20,mobil,maxmin,102.332786135772
2020-02-20,mobil,meanvar,0.515175521566695
2020-02-20,sales,maxmin,97.2151229512346
2020-02-20,sales,meanvar,-0.656753021825802
2020-02-21,activ.dom,maxmin,100.574655869341
2020-02-21,activ.dom,meanvar,0.161714925898858
2020-02-21,activ.int,maxmin,96.7954497323451
2020-02-21,activ.int,meanvar,-0.980427580100478
2020-02-21,activ.tot,maxmin,99.7790135771766
2020-02-21,activ.tot,meanvar,-0.0719566033801827
2020-02-21,mobil,maxmin,102.492105974009
2020-02-21,mobil,meanvar,0.550359921671501
2020-02-21,sales,maxmin,98.1525009225088
2020-02-21,sales,meanvar,-0.435692700509216
2020-02-22,activ.dom,maxmin,101.285004316916
2020-02-22,activ.dom,meanvar,0.361615340548042
2020-02-22,activ.int,maxmin,96.1081956008631
2020-02-22,activ.int,meanvar,-1.1906920006165
2020-02-22,activ.tot,maxmin,100.218899827606
2020-02-22,activ.tot,meanvar,0.0712771756462849
2020-02-22,mobil,maxmin,102.651425812247
2020-02-22,mobil,meanvar,0.585544321776302
2020-02-22,sales,maxmin,99.089878893783
2020-02-22,sales,meanvar,-0.214632379192629
2020-02-23,activ.dom,maxmin,101.519882349051
2020-02-23,activ.dom,meanvar,0.427712783536882
2020-02-23,activ.int,maxmin,96.0827346349794
2020-02-23,activ.int,meanvar,-1.19848174678476
2020-02-23,activ.tot,maxmin,100.358951323333
2020-02-23,activ.tot,meanvar,0.116880112705071
2020-02-23,mobil,maxmin,101.712386903687
2020-02-23,mobil,meanvar,0.37816574897422
2020-02-23,sales,maxmin,100.817675835072
2020-02-23,sales,meanvar,0.192831161359832
2020-02-24,activ.dom,maxmin,101.754760381186
2020-02-24,activ.dom,meanvar,0.493810226525721
2020-02-24,activ.int,maxmin,96.0572736690956
2020-02-24,activ.int,meanvar,-1.20627149295302
2020-02-24,activ.tot,maxmin,100.499002819061
2020-02-24,activ.tot,meanvar,0.162483049763864
2020-02-24,mobil,maxmin,100.773347995127
2020-02-24,mobil,meanvar,0.170787176172133
2020-02-24,sales,maxmin,102.545472776362
2020-02-24,sales,meanvar,0.600294701912293
2020-02-25,activ.dom,maxmin,101.55858713317
2020-02-25,activ.dom,meanvar,0.43860476538141
2020-02-25,activ.int,maxmin,95.6385421171129
2020-02-25,activ.int,meanvar,-1.33438181356985
2020-02-25,activ.tot,maxmin,100.218436980837
2020-02-25,activ.tot,meanvar,0.07112646556661
2020-02-25,mobil,maxmin,99.7713415306841
2020-02-25,mobil,meanvar,-0.0504972334943442
2020-02-25,sales,maxmin,103.718348401018
2020-02-25,sales,meanvar,0.876892051536822
2020-02-26,activ.dom,maxmin,101.362413885154
2020-02-26,activ.dom,meanvar,0.383399304237099
2020-02-26,activ.int,maxmin,95.2198105651303
2020-02-26,activ.int,meanvar,-1.46249213418669
2020-02-26,activ.tot,maxmin,99.9378711426128
2020-02-26,activ.tot,meanvar,-0.0202301186306415
2020-02-26,mobil,maxmin,98.7693350662416
2020-02-26,mobil,meanvar,-0.271781643160822
2020-02-26,sales,maxmin,104.891224025674
2020-02-26,sales,meanvar,1.15348940116135
2020-02-27,activ.dom,maxmin,100.740786696318
2020-02-27,activ.dom,meanvar,0.208466096133768
2020-02-27,activ.int,maxmin,94.8000636154457
2020-02-27,activ.int,meanvar,-1.59091311428103
2020-02-27,activ.tot,maxmin,99.3281185571563
2020-02-27,activ.tot,meanvar,-0.218775008362554
2020-02-27,mobil,maxmin,97.939161784005
2020-02-27,mobil,meanvar,-0.455118189579995
2020-02-27,sales,maxmin,105.023184639058
2020-02-27,sales,meanvar,1.18460945784046
2020-02-28,activ.dom,maxmin,100.119159507482
2020-02-28,activ.dom,meanvar,0.0335328880304365
2020-02-28,activ.int,maxmin,94.3803166657611
2020-02-28,activ.int,meanvar,-1.71933409437538
2020-02-28,activ.tot,maxmin,98.7183659716998
2020-02-28,activ.tot,meanvar,-0.417319898094462
2020-02-28,mobil,maxmin,97.1089885017685
2020-02-28,mobil,meanvar,-0.638454735999165
2020-02-28,sales,maxmin,105.155145252442
2020-02-28,sales,meanvar,1.21572951451956
2020-02-29,activ.dom,maxmin,99.6316570761429
2020-02-29,activ.dom,meanvar,-0.103656034532807
2020-02-29,activ.int,maxmin,92.9788179937551
2020-02-29,activ.int,meanvar,-2.14812061252678
2020-02-29,activ.tot,maxmin,98.0813747027197
2020-02-29,activ.tot,meanvar,-0.624734125235752
2020-02-29,mobil,maxmin,97.5114423473561
2020-02-29,mobil,meanvar,-0.549576305770268
2020-02-29,sales,maxmin,103.563715479091
2020-02-29,sales,meanvar,0.840425221234747
2020-03-01,activ.dom,maxmin,99.1441546448036
2020-03-01,activ.dom,meanvar,-0.240844957096047
2020-03-01,activ.int,maxmin,91.5773193217491
2020-03-01,activ.int,meanvar,-2.57690713067818
2020-03-01,activ.tot,maxmin,97.4443834337395
2020-03-01,activ.tot,meanvar,-0.832148352377043
2020-03-01,mobil,maxmin,97.9138961929438
2020-03-01,mobil,meanvar,-0.46069787554137
2020-03-01,sales,maxmin,101.972285705739
2020-03-01,sales,meanvar,0.465120927949928
2020-03-02,activ.dom,maxmin,98.4746108860042
2020-03-02,activ.dom,meanvar,-0.429262452012452
2020-03-02,activ.int,maxmin,89.0994000046783
2020-03-02,activ.int,meanvar,-3.33502300866619
2020-03-02,activ.tot,maxmin,96.4699701502029
2020-03-02,activ.tot,meanvar,-1.14943241569636
2020-03-02,mobil,maxmin,98.1039921402439
2020-03-02,mobil,meanvar,-0.418716839519107
2020-03-02,sales,maxmin,99.6795795810938
2020-03-02,sales,meanvar,-0.0755642258837527
2020-03-03,activ.dom,maxmin,97.8050671272049
2020-03-03,activ.dom,meanvar,-0.617679946928854
2020-03-03,activ.int,maxmin,86.6214806876076
2020-03-03,activ.int,meanvar,-4.0931388866542
2020-03-03,activ.tot,maxmin,95.4955568666663
2020-03-03,activ.tot,meanvar,-1.46671647901567
2020-03-03,mobil,maxmin,98.2940880875441
2020-03-03,mobil,meanvar,-0.376735803496848
2020-03-03,sales,maxmin,97.386873456448
2020-03-03,sales,meanvar,-0.616249379717438
2020-03-04,activ.dom,maxmin,96.8681452990601
2020-03-04,activ.dom,meanvar,-0.881340777862598
2020-03-04,activ.int,maxmin,84.0033498094333
2020-03-04,activ.int,meanvar,-4.89415229161889
2020-03-04,activ.tot,maxmin,94.2690320694889
2020-03-04,activ.tot,meanvar,-1.8660919575579
2020-03-04,mobil,maxmin,97.9096800019408
2020-03-04,mobil,meanvar,-0.461628984641207
2020-03-04,sales,maxmin,95.1502995519678
2020-03-04,sales,meanvar,-1.14369696342864
2020-03-05,activ.dom,maxmin,95.9312234709153
2020-03-05,activ.dom,meanvar,-1.14500160879634
2020-03-05,activ.int,maxmin,81.385218931259
2020-03-05,activ.int,meanvar,-5.69516569658358
2020-03-05,activ.tot,maxmin,93.0425072723116
2020-03-05,activ.tot,meanvar,-2.26546743610013
2020-03-05,mobil,maxmin,97.5252719163375
2020-03-05,mobil,meanvar,-0.546522165785565
2020-03-05,sales,maxmin,92.9137256474876
2020-03-05,sales,meanvar,-1.67114454713983
2020-03-06,activ.dom,maxmin,94.4023216226143
2020-03-06,activ.dom,meanvar,-1.57525258559063
2020-03-06,activ.int,maxmin,78.0978660692322
2020-03-06,activ.int,meanvar,-6.70092661223678
2020-03-06,activ.tot,maxmin,91.1995771132275
2020-03-06,activ.tot,meanvar,-2.86555405146897
2020-03-06,mobil,maxmin,96.3754864993138
2020-03-06,mobil,meanvar,-0.800442271371663
2020-03-06,sales,maxmin,90.2172306852946
2020-03-06,sales,meanvar,-2.30705456533739
2020-03-07,activ.dom,maxmin,92.8734197743132
2020-03-07,activ.dom,meanvar,-2.00550356238491
2020-03-07,activ.int,maxmin,74.8105132072054
2020-03-07,activ.int,meanvar,-7.70668752788999
2020-03-07,activ.tot,maxmin,89.3566469541434
2020-03-07,activ.tot,meanvar,-3.46564066683781
2020-03-07,mobil,maxmin,95.2257010822901
2020-03-07,mobil,meanvar,-1.05436237695776
2020-03-07,sales,maxmin,87.5207357231015
2020-03-07,sales,meanvar,-2.94296458353495
2020-03-08,activ.dom,maxmin,91.2651694232303
2020-03-08,activ.dom,meanvar,-2.45808414187214
2020-03-08,activ.int,maxmin,71.0440834420633
2020-03-08,activ.int,meanvar,-8.85902133819998
2020-03-08,activ.tot,maxmin,87.3431950072289
2020-03-08,activ.tot,meanvar,-4.12125181850086
2020-03-08,mobil,maxmin,93.7285905965461
2020-03-08,mobil,meanvar,-1.38498620205218
2020-03-08,sales,maxmin,84.89990191878
2020-03-08,sales,meanvar,-3.56103155401553
2020-03-09,activ.dom,maxmin,89.6569190721474
2020-03-09,activ.dom,meanvar,-2.91066472135936
2020-03-09,activ.int,maxmin,67.2776536769212
2020-03-09,activ.int,meanvar,-10.01135514851
2020-03-09,activ.tot,maxmin,85.3297430603144
2020-03-09,activ.tot,meanvar,-4.77686297016391
2020-03-09,mobil,maxmin,92.2314801108021
2020-03-09,mobil,meanvar,-1.71561002714659
2020-03-09,sales,maxmin,82.2790681144585
2020-03-09,sales,meanvar,-4.17909852449611
2020-03-10,activ.dom,maxmin,86.5434711843639
2020-03-10,activ.dom,meanvar,-3.78682560533342
2020-03-10,activ.int,maxmin,63.3817960136987
2020-03-10,activ.int,meanvar,-11.2032872394877
2020-03-10,activ.tot,maxmin,82.0377802618698
2020-03-10,activ.tot,meanvar,-5.84877706517257
2020-03-10,mobil,maxmin,89.1686379108105
2020-03-10,mobil,meanvar,-2.39201207860815
2020-03-10,sales,maxmin,78.5968756333783
2020-03-10,sales,meanvar,-5.04746398428034
2020-03-11,activ.dom,maxmin,83.4300232965803
2020-03-11,activ.dom,meanvar,-4.66298648930748
2020-03-11,activ.int,maxmin,59.4859383504761
2020-03-11,activ.int,meanvar,-12.3952193304654
2020-03-11,activ.tot,maxmin,78.7458174634251
2020-03-11,activ.tot,meanvar,-6.92069116018122
2020-03-11,mobil,maxmin,86.1057957108189
2020-03-11,mobil,meanvar,-3.0684141300697
2020-03-11,sales,maxmin,74.914683152298
2020-03-11,sales,meanvar,-5.91582944406457
2020-03-12,activ.dom,maxmin,78.1570260097826
2020-03-12,activ.dom,meanvar,-6.14686999419002
2020-03-12,activ.int,maxmin,54.4920711341803
2020-03-12,activ.int,meanvar,-13.9230858768682
2020-03-12,activ.tot,maxmin,73.4657735412164
2020-03-12,activ.tot,meanvar,-8.63995527372294
2020-03-12,mobil,maxmin,80.9189063071954
2020-03-12,mobil,meanvar,-4.21389352607803
2020-03-12,sales,maxmin,69.2288093044361
2020-03-12,sales,meanvar,-7.25671981944363
2020-03-13,activ.dom,maxmin,72.884028722985
2020-03-13,activ.dom,meanvar,-7.63075349907256
2020-03-13,activ.int,maxmin,49.4982039178844
2020-03-13,activ.int,meanvar,-15.450952423271
2020-03-13,activ.tot,maxmin,68.1857296190077
2020-03-13,activ.tot,meanvar,-10.3592193872647
2020-03-13,mobil,maxmin,75.7320169035718
2020-03-13,mobil,meanvar,-5.35937292208636
2020-03-13,sales,maxmin,63.5429354565743
2020-03-13,sales,meanvar,-8.5976101948227
2020-03-14,activ.dom,maxmin,64.07698947963
2020-03-14,activ.dom,meanvar,-10.109158009689
2020-03-14,activ.int,maxmin,43.7304989509545
2020-03-14,activ.int,meanvar,-17.2155735248769
2020-03-14,activ.tot,maxmin,59.8770883866746
2020-03-14,activ.tot,meanvar,-13.06464171206
2020-03-14,mobil,maxmin,67.3701486954574
2020-03-14,mobil,meanvar,-7.20601876300994
2020-03-14,sales,maxmin,54.9990044287525
2020-03-14,sales,meanvar,-10.6125115432613
2020-03-15,activ.dom,maxmin,55.2699502362751
2020-03-15,activ.dom,meanvar,-12.5875625203054
2020-03-15,activ.int,maxmin,37.9627939840245
2020-03-15,activ.int,meanvar,-18.9801946264828
2020-03-15,activ.tot,maxmin,51.5684471543414
2020-03-15,activ.tot,meanvar,-15.7700640368554
2020-03-15,mobil,maxmin,59.008280487343
2020-03-15,mobil,meanvar,-9.05266460393351
2020-03-15,sales,maxmin,46.4550734009307
2020-03-15,sales,meanvar,-12.6274128916999
2020-03-16,activ.dom,maxmin,44.5908576002269
2020-03-16,activ.dom,meanvar,-15.5927848915402
2020-03-16,activ.int,maxmin,32.0496946263876
2020-03-16,activ.int,meanvar,-20.7892989343844
2020-03-16,activ.tot,maxmin,41.7359118681494
2020-03-16,activ.tot,meanvar,-18.9716898778031
2020-03-16,mobil,maxmin,49.0258108909481
2020-03-16,mobil,meanvar,-11.2572061613381
2020-03-16,sales,maxmin,36.2902013782612
2020-03-16,sales,meanvar,-15.0245781167573
2020-03-17,activ.dom,maxmin,33.9117649641788
2020-03-17,activ.dom,meanvar,-18.5980072627749
2020-03-17,activ.int,maxmin,26.1365952687507
2020-03-17,activ.int,meanvar,-22.598403242286
2020-03-17,activ.tot,maxmin,31.9033765819574
2020-03-17,activ.tot,meanvar,-22.1733157187509
2020-03-17,mobil,maxmin,39.0433412945532
2020-03-17,mobil,meanvar,-13.4617477187428
2020-03-17,sales,maxmin,26.1253293555917
2020-03-17,sales,meanvar,-17.4217433418146
2020-03-18,activ.dom,maxmin,25.130741785387
2020-03-18,activ.dom,meanvar,-21.0690905465886
2020-03-18,activ.int,maxmin,20.464215231493
2020-03-18,activ.int,meanvar,-24.3338598177288
2020-03-18,activ.tot,maxmin,23.7042866545625
2020-03-18,activ.tot,meanvar,-24.8430664411984
2020-03-18,mobil,maxmin,30.6493743795583
2020-03-18,mobil,meanvar,-15.3154822798046
2020-03-18,sales,maxmin,17.8048356893668
2020-03-18,sales,meanvar,-19.383951820928
2020-03-19,activ.dom,maxmin,16.3497186065953
2020-03-19,activ.dom,meanvar,-23.5401738304022
2020-03-19,activ.int,maxmin,14.7918351942352
2020-03-19,activ.int,meanvar,-26.0693163931717
2020-03-19,activ.tot,maxmin,15.5051967271676
2020-03-19,activ.tot,meanvar,-27.512817163646
2020-03-19,mobil,maxmin,22.2554074645633
2020-03-19,mobil,meanvar,-17.1692168408664
2020-03-19,sales,maxmin,9.48434202314193
2020-03-19,sales,meanvar,-21.3461603000413
2020-03-20,activ.dom,maxmin,10.3439969339876
2020-03-20,activ.dom,meanvar,-25.2302546023402
2020-03-20,activ.int,maxmin,10.5003646200428
2020-03-20,activ.int,meanvar,-27.3822856895488
2020-03-20,activ.tot,maxmin,9.84652652360558
2020-03-20,activ.tot,meanvar,-29.3553678610808
2020-03-20,mobil,maxmin,16.0137167496586
2020-03-20,mobil,meanvar,-18.5476399291214
2020-03-20,sales,maxmin,4.82226158327576
2020-03-20,sales,meanvar,-22.445611142309
2020-03-21,activ.dom,maxmin,4.33827526137998
2020-03-21,activ.dom,meanvar,-26.9203353742782
2020-03-21,activ.int,maxmin,6.20889404585037
2020-03-21,activ.int,meanvar,-28.6952549859259
2020-03-21,activ.tot,maxmin,4.18785632004361
2020-03-21,activ.tot,meanvar,-31.1979185585156
2020-03-21,mobil,maxmin,9.77202603475389
2020-03-21,mobil,meanvar,-19.9260630173764
2020-03-21,sales,maxmin,0.160181143409586
2020-03-21,sales,meanvar,-23.5450619845767
2020-03-22,activ.dom,maxmin,2.16913763069002
2020-03-22,activ.dom,meanvar,-27.5307562364432
2020-03-22,activ.int,maxmin,4.36836680227886
2020-03-22,activ.int,meanvar,-29.2583616688628
2020-03-22,activ.tot,maxmin,2.09392816002177
2020-03-22,activ.tot,meanvar,-31.8797340121177
2020-03-22,mobil,maxmin,6.46965699167373
2020-03-22,mobil,meanvar,-20.6553624881191
2020-03-22,sales,maxmin,0.0800905717048031
2020-03-22,sales,meanvar,-23.5639496137488
2020-03-23,activ.dom,maxmin,0
2020-03-23,activ.dom,meanvar,-28.1411770986083
2020-03-23,activ.int,maxmin,2.52783955870737
2020-03-23,activ.int,meanvar,-29.8214683517997
2020-03-23,activ.tot,maxmin,0
2020-03-23,activ.tot,meanvar,-32.5615494657198
2020-03-23,mobil,maxmin,3.16728794859356
2020-03-23,mobil,meanvar,-21.3846619588619
2020-03-23,sales,maxmin,0
2020-03-23,sales,meanvar,-23.5828372429208
2020-03-24,activ.dom,maxmin,0.24193819264984
2020-03-24,activ.dom,meanvar,-28.0730928433455
2020-03-24,activ.int,maxmin,2.19200047720929
2020-03-24,activ.int,meanvar,-29.9242178393955
2020-03-24,activ.tot,maxmin,0.131893420014864
2020-03-24,activ.tot,meanvar,-32.5186029245197
2020-03-24,mobil,maxmin,2.09596921204821
2020-03-24,mobil,meanvar,-21.6212533807675
2020-03-24,sales,maxmin,1.69707045378387
2020-03-24,sales,meanvar,-23.1826198799073
2020-03-25,activ.dom,maxmin,0.483876385299667
2020-03-25,activ.dom,meanvar,-28.0050085880827
2020-03-25,activ.int,maxmin,1.8561613957112
2020-03-25,activ.int,meanvar,-30.0269673269912
2020-03-25,activ.tot,maxmin,0.263786840029728
2020-03-25,activ.tot,meanvar,-32.4756563833195
2020-03-25,mobil,maxmin,1.02465047550285
2020-03-25,mobil,meanvar,-21.8578448026731
2020-03-25,sales,maxmin,3.39414090756773
2020-03-25,sales,meanvar,-22.7824025168938
2020-03-26,activ.dom,maxmin,1.16442951870563
2020-03-26,activ.dom,meanvar,-27.8134929255608
2020-03-26,activ.int,maxmin,1.89025416833815
2020-03-26,activ.int,meanvar,-30.0165366918712
2020-03-26,activ.tot,maxmin,0.811969578115704
2020-03-26,activ.tot,meanvar,-32.2971595898951
2020-03-26,mobil,maxmin,0.512325237751424
2020-03-26,mobil,meanvar,-21.97098737392
2020-03-26,sales,maxmin,5.14059415041602
2020-03-26,sales,meanvar,-22.3705392911091
2020-03-27,activ.dom,maxmin,1.8449826521116
2020-03-27,activ.dom,meanvar,-27.6219772630389
2020-03-27,activ.int,maxmin,1.92434694096511
2020-03-27,activ.int,meanvar,-30.0061060567512
2020-03-27,activ.tot,maxmin,1.36015231620171
2020-03-27,activ.tot,meanvar,-32.1186627964707
2020-03-27,mobil,maxmin,0
2020-03-27,mobil,meanvar,-22.084129945167
2020-03-27,sales,maxmin,6.88704739326429
2020-03-27,sales,meanvar,-21.9586760653245
2020-03-28,activ.dom,maxmin,2.82250646767707
2020-03-28,activ.dom,meanvar,-27.3468905549196
2020-03-28,activ.int,maxmin,2.22444370472619
2020-03-28,activ.int,meanvar,-29.9142918802473
2020-03-28,activ.tot,maxmin,2.19231232762447
2020-03-28,activ.tot,meanvar,-31.8476986027173
2020-03-28,mobil,maxmin,0.296455604547356
2020-03-28,mobil,meanvar,-22.018660304229
2020-03-28,sales,maxmin,8.19050678719322
2020-03-28,sales,meanvar,-21.6512833579267
2020-03-29,activ.dom,maxmin,3.80003028324258
2020-03-29,activ.dom,meanvar,-27.0718038468002
2020-03-29,activ.int,maxmin,2.52454046848728
2020-03-29,activ.int,meanvar,-29.8224777037433
2020-03-29,activ.tot,maxmin,3.02447233904725
2020-03-29,activ.tot,meanvar,-31.5767344089639
2020-03-29,mobil,maxmin,0.592911209094702
2020-03-29,mobil,meanvar,-21.953190663291
2020-03-29,sales,maxmin,9.49396618112211
2020-03-29,sales,meanvar,-21.3438906505289
2020-03-30,activ.dom,maxmin,4.59520325250775
2020-03-30,activ.dom,meanvar,-26.8480328132791
2020-03-30,activ.int,maxmin,2.38867900375293
2020-03-30,activ.int,meanvar,-29.8640443249453
2020-03-30,activ.tot,maxmin,3.62425329508433
2020-03-30,activ.tot,meanvar,-31.381436436278
2020-03-30,mobil,maxmin,1.31171193737738
2020-03-30,mobil,meanvar,-21.7944497764103
2020-03-30,sales,maxmin,9.86905931307166
2020-03-30,sales,meanvar,-21.2554330477118
2020-03-31,activ.dom,maxmin,5.39037622177292
2020-03-31,activ.dom,meanvar,-26.6242617797579
2020-03-31,activ.int,maxmin,2.25281753901858
2020-03-31,activ.int,meanvar,-29.9056109461473
2020-03-31,activ.tot,maxmin,4.22403425112141
2020-03-31,activ.tot,meanvar,-31.186138463592
2020-03-31,mobil,maxmin,2.03051266566004
2020-03-31,mobil,meanvar,-21.6357088895295
2020-03-31,sales,maxmin,10.2441524450212
2020-03-31,sales,meanvar,-21.1669754448948
2020-04-01,activ.dom,maxmin,6.53428682610262
2020-04-01,activ.dom,meanvar,-26.3023518707437
2020-04-01,activ.int,maxmin,2.09514139031232
2020-04-01,activ.int,meanvar,-29.9538517387715
2020-04-01,activ.tot,maxmin,5.08461808674134
2020-04-01,activ.tot,meanvar,-30.9059190322626
2020-04-01,mobil,maxmin,3.20667289533013
2020-04-01,mobil,meanvar,-21.3759641360458
2020-04-01,sales,maxmin,10.4541452274727
2020-04-01,sales,meanvar,-21.1174531887874
2020-04-02,activ.dom,maxmin,7.67819743043232
2020-04-02,activ.dom,meanvar,-25.9804419617295
2020-04-02,activ.int,maxmin,1.93746524160608
2020-04-02,activ.int,meanvar,-30.0020925313957
2020-04-02,activ.tot,maxmin,5.94520192236128
2020-04-02,activ.tot,meanvar,-30.6256996009332
2020-04-02,mobil,maxmin,4.38283312500023
2020-04-02,mobil,meanvar,-21.1162193825621
2020-04-02,sales,maxmin,10.6641380099242
2020-04-02,sales,meanvar,-21.06793093268
2020-04-03,activ.dom,maxmin,9.46041295010232
2020-04-03,activ.dom,meanvar,-25.4789055360603
2020-04-03,activ.int,maxmin,1.87970916135832
2020-04-03,activ.int,meanvar,-30.0197629217044
2020-04-03,activ.tot,maxmin,7.30172453249424
2020-04-03,activ.tot,meanvar,-30.1839948202211
2020-04-03,mobil,maxmin,5.75519763125901
2020-04-03,mobil,meanvar,-20.8131446216785
2020-04-03,sales,maxmin,10.8774768235345
2020-04-03,sales,meanvar,-21.0176195874903
2020-04-04,activ.dom,maxmin,11.2426284697723
2020-04-04,activ.dom,meanvar,-24.9773691103911
2020-04-04,activ.int,maxmin,1.82195308111057
2020-04-04,activ.int,meanvar,-30.0374333120131
2020-04-04,activ.tot,maxmin,8.65824714262715
2020-04-04,activ.tot,meanvar,-29.742290039509
2020-04-04,mobil,maxmin,7.12756213751781
2020-04-04,mobil,meanvar,-20.510069860795
2020-04-04,sales,maxmin,11.0908156371448
2020-04-04,sales,meanvar,-20.9673082423006
2020-04-05,activ.dom,maxmin,12.544957144295
2020-04-05,activ.dom,meanvar,-24.6108784916877
2020-04-05,activ.int,maxmin,1.59852264811404
2020-04-05,activ.int,meanvar,-30.1057915340559
2020-04-05,activ.tot,maxmin,9.58286818913723
2020-04-05,activ.tot,meanvar,-29.4412191000792
2020-04-05,mobil,maxmin,7.61418726314138
2020-04-05,mobil,meanvar,-20.4026029357065
2020-04-05,sales,maxmin,10.8114388132577
2020-04-05,sales,meanvar,-21.0331932239723
2020-04-06,activ.dom,maxmin,13.8472858188176
2020-04-06,activ.dom,meanvar,-24.2443878729843
2020-04-06,activ.int,maxmin,1.3750922151175
2020-04-06,activ.int,meanvar,-30.1741497560987
2020-04-06,activ.tot,maxmin,10.5074892356473
2020-04-06,activ.tot,meanvar,-29.1401481606493
2020-04-06,mobil,maxmin,8.10081238876495
2020-04-06,mobil,meanvar,-20.2951360106179
2020-04-06,sales,maxmin,10.5320619893705
2020-04-06,sales,meanvar,-21.0990782056441
2020-04-07,activ.dom,maxmin,14.101028719477
2020-04-07,activ.dom,meanvar,-24.1729816339346
2020-04-07,activ.int,maxmin,1.12828314385963
2020-04-07,activ.int,meanvar,-30.249660639146
2020-04-07,activ.tot,maxmin,10.6096002919537
2020-04-07,activ.tot,meanvar,-29.1068992185402
2020-04-07,mobil,maxmin,7.88116069580545
2020-04-07,mobil,meanvar,-20.3436441759178
2020-04-07,sales,maxmin,9.72211933086036
2020-04-07,sales,meanvar,-21.2900856645615
2020-04-08,activ.dom,maxmin,14.3547716201364
2020-04-08,activ.dom,meanvar,-24.1015753948849
2020-04-08,activ.int,maxmin,0.881474072601761
2020-04-08,activ.int,meanvar,-30.3251715221933
2020-04-08,activ.tot,maxmin,10.7117113482601
2020-04-08,activ.tot,meanvar,-29.073650276431
2020-04-08,mobil,maxmin,7.66150900284593
2020-04-08,mobil,meanvar,-20.3921523412178
2020-04-08,sales,maxmin,8.91217667235019
2020-04-08,sales,meanvar,-21.4810931234789
2020-04-09,activ.dom,maxmin,13.7850750112218
2020-04-09,activ.dom,meanvar,-24.2618947265244
2020-04-09,activ.int,maxmin,0.569050357271134
2020-04-09,activ.int,meanvar,-30.4207571119341
2020-04-09,activ.tot,maxmin,10.1663951804558
2020-04-09,activ.tot,meanvar,-29.2512136701551
2020-04-09,mobil,maxmin,6.77507289321302
2020-04-09,mobil,meanvar,-20.58791404355
2020-04-09,sales,maxmin,7.87102953040885
2020-04-09,sales,meanvar,-21.7266251594223
2020-04-10,activ.dom,maxmin,13.2153784023072
2020-04-10,activ.dom,meanvar,-24.4222140581638
2020-04-10,activ.int,maxmin,0.256626641940523
2020-04-10,activ.int,meanvar,-30.5163427016748
2020-04-10,activ.tot,maxmin,9.62107901265149
2020-04-10,activ.tot,meanvar,-29.4287770638793
2020-04-10,mobil,maxmin,5.88863678358009
2020-04-10,mobil,meanvar,-20.7836757458822
2020-04-10,sales,maxmin,6.82988238846754
2020-04-10,sales,meanvar,-21.9721571953656
2020-04-11,activ.dom,maxmin,13.200999605517
2020-04-11,activ.dom,meanvar,-24.4262604208332
2020-04-11,activ.int,maxmin,0.128313320970257
2020-04-11,activ.int,meanvar,-30.5555999790667
2020-04-11,activ.tot,maxmin,9.5978177016994
2020-04-11,activ.tot,meanvar,-29.4363513071514
2020-04-11,mobil,maxmin,5.64266920105983
2020-04-11,mobil,meanvar,-20.837995546429
2020-04-11,sales,maxmin,6.51096603188373
2020-04-11,sales,meanvar,-22.0473667206798
2020-04-12,activ.dom,maxmin,13.1866208087268
2020-04-12,activ.dom,meanvar,-24.4303067835025
2020-04-12,activ.int,maxmin,0
2020-04-12,activ.int,meanvar,-30.5948572564585
2020-04-12,activ.tot,maxmin,9.57455639074732
2020-04-12,activ.tot,meanvar,-29.4439255504234
2020-04-12,mobil,maxmin,5.39670161853956
2020-04-12,mobil,meanvar,-20.8923153469757
2020-04-12,sales,maxmin,6.19204967529996
2020-04-12,sales,meanvar,-22.122576245994
2020-04-13,activ.dom,maxmin,14.3362965938909
2020-04-13,activ.dom,meanvar,-24.1067744847397
2020-04-13,activ.int,maxmin,0.125082633461565
2020-04-13,activ.int,meanvar,-30.5565884032983
2020-04-13,activ.tot,maxmin,10.5665621860228
2020-04-13,activ.tot,meanvar,-29.120913092692
2020-04-13,mobil,maxmin,6.53604620522701
2020-04-13,mobil,meanvar,-20.6407010079285
2020-04-13,sales,maxmin,7.28171031805463
2020-04-13,sales,meanvar,-21.8656033501131
2020-04-14,activ.dom,maxmin,15.4859723790551
2020-04-14,activ.dom,meanvar,-23.7832421859768
2020-04-14,activ.int,maxmin,0.250165266923137
2020-04-14,activ.int,meanvar,-30.5183195501382
2020-04-14,activ.tot,maxmin,11.5585679812982
2020-04-14,activ.tot,meanvar,-28.7979006349606
2020-04-14,mobil,maxmin,7.67539079191444
2020-04-14,mobil,meanvar,-20.3890866688812
2020-04-14,sales,maxmin,8.37137096080933
2020-04-14,sales,meanvar,-21.608630454232
2020-04-15,activ.dom,maxmin,16.8680522361435
2020-04-15,activ.dom,meanvar,-23.3943086457494
2020-04-15,activ.int,maxmin,0.951729096225034
2020-04-15,activ.int,meanvar,-30.3036770980003
2020-04-15,activ.tot,maxmin,12.8401604190061
2020-04-15,activ.tot,meanvar,-28.3805942794074
2020-04-15,mobil,maxmin,8.94501132412314
2020-04-15,mobil,meanvar,-20.1087020207377
2020-04-15,sales,maxmin,10.286404058699
2020-04-15,sales,meanvar,-21.1570113156087
2020-04-16,activ.dom,maxmin,18.250132093232
2020-04-16,activ.dom,meanvar,-23.0053751055219
2020-04-16,activ.int,maxmin,1.65329292552692
2020-04-16,activ.int,meanvar,-30.0890346458624
2020-04-16,activ.tot,maxmin,14.121752856714
2020-04-16,activ.tot,meanvar,-27.9632879238542
2020-04-16,mobil,maxmin,10.2146318563318
2020-04-16,mobil,meanvar,-19.8283173725942
2020-04-16,sales,maxmin,12.2014371565887
2020-04-16,sales,meanvar,-20.7053921769853
2020-04-17,activ.dom,maxmin,19.1241895698504
2020-04-17,activ.dom,meanvar,-22.7594050430831
2020-04-17,activ.int,maxmin,2.46975839980013
2020-04-17,activ.int,meanvar,-29.8392381994603
2020-04-17,activ.tot,maxmin,15.0174903943045
2020-04-17,activ.tot,meanvar,-27.6716219024687
2020-04-17,mobil,maxmin,11.3397436788586
2020-04-17,mobil,meanvar,-19.579846215679
2020-04-17,sales,maxmin,13.836231897275
2020-04-17,sales,meanvar,-20.3198611940334
2020-04-18,activ.dom,maxmin,19.9982470464688
2020-04-18,activ.dom,meanvar,-22.5134349806443
2020-04-18,activ.int,maxmin,3.28622387407335
2020-04-18,activ.int,meanvar,-29.5894417530581
2020-04-18,activ.tot,maxmin,15.913227931895
2020-04-18,activ.tot,meanvar,-27.3799558810831
2020-04-18,mobil,maxmin,12.4648555013854
2020-04-18,mobil,meanvar,-19.3313750587637
2020-04-18,sales,maxmin,15.4710266379613
2020-04-18,sales,meanvar,-19.9343302110815
2020-04-19,activ.dom,maxmin,20.6808384443321
2020-04-19,activ.dom,meanvar,-22.3213457265117
2020-04-19,activ.int,maxmin,3.63186692352586
2020-04-19,activ.int,meanvar,-29.4836927554613
2020-04-19,activ.tot,maxmin,16.5552634641126
2020-04-19,activ.tot,meanvar,-27.1708991636726
2020-04-19,mobil,maxmin,13.353627823417
2020-04-19,mobil,meanvar,-19.1350974242496
2020-04-19,sales,maxmin,16.7625507133936
2020-04-19,sales,meanvar,-19.6297521904192
2020-04-20,activ.dom,maxmin,21.3634298421953
2020-04-20,activ.dom,meanvar,-22.1292564723792
2020-04-20,activ.int,maxmin,3.97750997297837
2020-04-20,activ.int,meanvar,-29.3779437578644
2020-04-20,activ.tot,maxmin,17.1972989963302
2020-04-20,activ.tot,meanvar,-26.961842446262
2020-04-20,mobil,maxmin,14.2424001454486
2020-04-20,mobil,meanvar,-18.9388197897354
2020-04-20,sales,maxmin,18.0540747888258
2020-04-20,sales,meanvar,-19.3251741697568
2020-04-21,activ.dom,maxmin,22.6188903954211
2020-04-21,activ.dom,meanvar,-21.7759550946927
2020-04-21,activ.int,maxmin,4.28974965072036
2020-04-21,activ.int,meanvar,-29.2824144741612
2020-04-21,activ.tot,maxmin,18.2782192682599
2020-04-21,activ.tot,meanvar,-26.6098780572326
2020-04-21,mobil,maxmin,15.082162507346
2020-04-21,mobil,meanvar,-18.7533655785034
2020-04-21,sales,maxmin,20.1451636111222
2020-04-21,sales,meanvar,-18.8320360961898
2020-04-22,activ.dom,maxmin,23.8743509486469
2020-04-22,activ.dom,meanvar,-21.4226537170063
2020-04-22,activ.int,maxmin,4.60198932846236
2020-04-22,activ.int,meanvar,-29.186885190458
2020-04-22,activ.tot,maxmin,19.3591395401897
2020-04-22,activ.tot,meanvar,-26.2579136682032
2020-04-22,mobil,maxmin,15.9219248692433
2020-04-22,mobil,meanvar,-18.5679113672714
2020-04-22,sales,maxmin,22.2362524334186
2020-04-22,sales,meanvar,-18.3388980226227
2020-04-23,activ.dom,maxmin,25.6087115736515
2020-04-23,activ.dom,meanvar,-20.9345842219952
2020-04-23,activ.int,maxmin,5.01638726750158
2020-04-23,activ.int,meanvar,-29.0601007325353
2020-04-23,activ.tot,maxmin,20.8312623125313
2020-04-23,activ.tot,meanvar,-25.7785676834911
2020-04-23,mobil,maxmin,17.135232443988
2020-04-23,mobil,meanvar,-18.2999629458302
2020-04-23,sales,maxmin,24.6932322669301
2020-04-23,sales,meanvar,-17.7594724673943
2020-04-24,activ.dom,maxmin,27.3430721986561
2020-04-24,activ.dom,meanvar,-20.4465147269841
2020-04-24,activ.int,maxmin,5.4307852065408
2020-04-24,activ.int,meanvar,-28.9333162746125
2020-04-24,activ.tot,maxmin,22.303385084873
2020-04-24,activ.tot,meanvar,-25.2992216987789
2020-04-24,mobil,maxmin,18.3485400187327
2020-04-24,mobil,meanvar,-18.0320145243891
2020-04-24,sales,maxmin,27.1502121004415
2020-04-24,sales,meanvar,-17.1800469121659
2020-04-25,activ.dom,maxmin,28.7293640201691
2020-04-25,activ.dom,meanvar,-20.0563958903886
2020-04-25,activ.int,maxmin,6.15727586089861
2020-04-25,activ.int,meanvar,-28.7110474959302
2020-04-25,activ.tot,maxmin,23.5447557356403
2020-04-25,activ.tot,meanvar,-24.8950121802764
2020-04-25,mobil,maxmin,18.957999329464
2020-04-25,mobil,meanvar,-17.8974207382442
2020-04-25,sales,maxmin,29.8212990573916
2020-04-25,sales,meanvar,-16.5501288224915
2020-04-26,activ.dom,maxmin,30.1156558416821
2020-04-26,activ.dom,meanvar,-19.6662770537931
2020-04-26,activ.int,maxmin,6.88376651525641
2020-04-26,activ.int,meanvar,-28.4887787172479
2020-04-26,activ.tot,maxmin,24.7861263864076
2020-04-26,activ.tot,meanvar,-24.4908026617739
2020-04-26,mobil,maxmin,19.5674586401953
2020-04-26,mobil,meanvar,-17.7628269520994
2020-04-26,sales,maxmin,32.4923860143418
2020-04-26,sales,meanvar,-15.9202107328171
2020-04-27,activ.dom,maxmin,30.0511816600165
2020-04-27,activ.dom,meanvar,-19.6844208474385
2020-04-27,activ.int,maxmin,7.46247058981264
2020-04-27,activ.int,meanvar,-28.3117250317002
2020-04-27,activ.tot,maxmin,24.7974212961321
2020-04-27,activ.tot,meanvar,-24.4871248641568
2020-04-27,mobil,maxmin,18.5718178451201
2020-04-27,mobil,meanvar,-17.9827055590709
2020-04-27,sales,maxmin,33.7546782312211
2020-04-27,sales,meanvar,-15.6225264137804
2020-04-28,activ.dom,maxmin,29.9867074783509
2020-04-28,activ.dom,meanvar,-19.7025646410839
2020-04-28,activ.int,maxmin,8.04117466436887
2020-04-28,activ.int,meanvar,-28.1346713461524
2020-04-28,activ.tot,maxmin,24.8087162058565
2020-04-28,activ.tot,meanvar,-24.4834470665398
2020-04-28,mobil,maxmin,17.5761770500449
2020-04-28,mobil,meanvar,-18.2025841660424
2020-04-28,sales,maxmin,35.0169704481003
2020-04-28,sales,meanvar,-15.3248420947437
2020-04-29,activ.dom,maxmin,30.1164951917665
2020-04-29,activ.dom,meanvar,-19.6660408507994
2020-04-29,activ.int,maxmin,8.10757808962021
2020-04-29,activ.int,meanvar,-28.1143553129833
2020-04-29,activ.tot,maxmin,24.9036971180578
2020-04-29,activ.tot,meanvar,-24.4525198098304
2020-04-29,mobil,maxmin,17.2822912549803
2020-04-29,mobil,meanvar,-18.2674862869149
2020-04-29,sales,maxmin,35.5741347634591
2020-04-29,sales,meanvar,-15.193446941077
2020-04-30,activ.dom,maxmin,30.2462829051822
2020-04-30,activ.dom,meanvar,-19.6295170605149
2020-04-30,activ.int,maxmin,8.17398151487155
2020-04-30,activ.int,meanvar,-28.0940392798143
2020-04-30,activ.tot,maxmin,24.9986780302591
2020-04-30,activ.tot,meanvar,-24.421592553121
2020-04-30,mobil,maxmin,16.9884054599158
2020-04-30,mobil,meanvar,-18.3323884077873
2020-04-30,sales,maxmin,36.1312990788178
2020-04-30,sales,meanvar,-15.0620517874103
2020-05-01,activ.dom,maxmin,30.9142910506795
2020-05-01,activ.dom,meanvar,-19.4415317052573
2020-05-01,activ.int,maxmin,7.9870334809803
2020-05-01,activ.int,meanvar,-28.1512357639271
2020-05-01,activ.tot,maxmin,25.5093479656881
2020-05-01,activ.tot,meanvar,-24.2553105094897
2020-05-01,mobil,maxmin,17.5815037509435
2020-05-01,mobil,meanvar,-18.2014078104942
2020-05-01,sales,maxmin,36.8425845621427
2020-05-01,sales,meanvar,-14.8943104895453
2020-05-02,activ.dom,maxmin,31.5822991961769
2020-05-02,activ.dom,meanvar,-19.2535463499998
2020-05-02,activ.int,maxmin,7.80008544708906
2020-05-02,activ.int,meanvar,-28.2084322480398
2020-05-02,activ.tot,maxmin,26.0200179011171
2020-05-02,activ.tot,meanvar,-24.0890284658584
2020-05-02,mobil,maxmin,18.1746020419711
2020-05-02,mobil,meanvar,-18.0704272132011
2020-05-02,sales,maxmin,37.5538700454676
2020-05-02,sales,meanvar,-14.7265691916802
2020-05-03,activ.dom,maxmin,33.5183481364005
2020-05-03,activ.dom,meanvar,-18.7087193890157
2020-05-03,activ.int,maxmin,7.21221193621395
2020-05-03,activ.int,meanvar,-28.3882913095406
2020-05-03,activ.tot,maxmin,27.5152700705122
2020-05-03,activ.tot,meanvar,-23.6021511910836
2020-05-03,mobil,maxmin,20.9106463038414
2020-05-03,mobil,meanvar,-17.4661956430524
2020-05-03,sales,maxmin,38.5830193929039
2020-05-03,sales,meanvar,-14.4838665760877
2020-05-04,activ.dom,maxmin,35.454397076624
2020-05-04,activ.dom,meanvar,-18.1638924280317
2020-05-04,activ.int,maxmin,6.62433842533884
2020-05-04,activ.int,meanvar,-28.5681503710414
2020-05-04,activ.tot,maxmin,29.0105222399073
2020-05-04,activ.tot,meanvar,-23.1152739163088
2020-05-04,mobil,maxmin,23.6466905657116
2020-05-04,mobil,meanvar,-16.8619640729037
2020-05-04,sales,maxmin,39.6121687403403
2020-05-04,sales,meanvar,-14.2411639604952
2020-05-05,activ.dom,maxmin,38.5888832975593
2020-05-05,activ.dom,meanvar,-17.2818111094669
2020-05-05,activ.int,maxmin,6.16731954307125
2020-05-05,activ.int,meanvar,-28.7079746457062
2020-05-05,activ.tot,maxmin,31.5071615440327
2020-05-05,activ.tot,meanvar,-22.3023294743154
2020-05-05,mobil,maxmin,27.4974643398587
2020-05-05,mobil,meanvar,-16.0115541887266
2020-05-05,sales,maxmin,41.4865836269263
2020-05-05,sales,meanvar,-13.7991237485346
2020-05-06,activ.dom,maxmin,41.7233695184945
2020-05-06,activ.dom,meanvar,-16.399729790902
2020-05-06,activ.int,maxmin,5.71030066080364
2020-05-06,activ.int,meanvar,-28.847798920371
2020-05-06,activ.tot,maxmin,34.0038008481582
2020-05-06,activ.tot,meanvar,-21.4893850323219
2020-05-06,mobil,maxmin,31.3482381140059
2020-05-06,mobil,meanvar,-15.1611443045495
2020-05-06,sales,maxmin,43.3609985135122
2020-05-06,sales,meanvar,-13.3570835365739
2020-05-07,activ.dom,maxmin,44.8815459415716
2020-05-07,activ.dom,meanvar,-15.5109817705974
2020-05-07,activ.int,maxmin,5.33607559707101
2020-05-07,activ.int,meanvar,-28.9622925444379
2020-05-07,activ.tot,maxmin,36.4743668052066
2020-05-07,activ.tot,meanvar,-20.6849304761344
2020-05-07,mobil,maxmin,33.6495398272044
2020-05-07,mobil,meanvar,-14.6529218437764
2020-05-07,sales,maxmin,46.16415147018
2020-05-07,sales,meanvar,-12.6960205371329
2020-05-08,activ.dom,maxmin,48.0397223646486
2020-05-08,activ.dom,meanvar,-14.6222337502928
2020-05-08,activ.int,maxmin,4.96185053333838
2020-05-08,activ.int,meanvar,-29.0767861685048
2020-05-08,activ.tot,maxmin,38.9449327622551
2020-05-08,activ.tot,meanvar,-19.8804759199468
2020-05-08,mobil,maxmin,35.9508415404029
2020-05-08,mobil,meanvar,-14.1446993830033
2020-05-08,sales,maxmin,48.9673044268477
2020-05-08,sales,meanvar,-12.0349575376918
2020-05-09,activ.dom,maxmin,51.2350632545419
2020-05-09,activ.dom,meanvar,-13.7230272115637
2020-05-09,activ.int,maxmin,4.89040705431165
2020-05-09,activ.int,meanvar,-29.0986441989321
2020-05-09,activ.tot,maxmin,41.4793555363
2020-05-09,activ.tot,meanvar,-19.0552285947057
2020-05-09,mobil,maxmin,37.527355984344
2020-05-09,mobil,meanvar,-13.796539884599
2020-05-09,sales,maxmin,52.2151817364417
2020-05-09,sales,meanvar,-11.2690159179205
2020-05-10,activ.dom,maxmin,54.4304041444351
2020-05-10,activ.dom,meanvar,-12.8238206728346
2020-05-10,activ.int,maxmin,4.81896357528492
2020-05-10,activ.int,meanvar,-29.1205022293594
2020-05-10,activ.tot,maxmin,44.0137783103449
2020-05-10,activ.tot,meanvar,-18.2299812694646
2020-05-10,mobil,maxmin,39.1038704282851
2020-05-10,mobil,meanvar,-13.4483803861948
2020-05-10,sales,maxmin,55.4630590460357
2020-05-10,sales,meanvar,-10.5030742981492
2020-05-11,activ.dom,maxmin,57.0630849806092
2020-05-11,activ.dom,meanvar,-12.0829532962857
2020-05-11,activ.int,maxmin,5.18910538431268
2020-05-11,activ.int,meanvar,-29.0072578712409
2020-05-11,activ.tot,maxmin,46.1716916251756
2020-05-11,activ.tot,meanvar,-17.5273312580287
2020-05-11,mobil,maxmin,39.7513744663606
2020-05-11,mobil,meanvar,-13.305384753026
2020-05-11,sales,maxmin,58.9011641157784
2020-05-11,sales,meanvar,-9.69227157531112
2020-05-12,activ.dom,maxmin,59.6957658167834
2020-05-12,activ.dom,meanvar,-11.3420859197368
2020-05-12,activ.int,maxmin,5.55924719334045
2020-05-12,activ.int,meanvar,-28.8940135131223
2020-05-12,activ.tot,maxmin,48.3296049400062
2020-05-12,activ.tot,meanvar,-16.8246812465927
2020-05-12,mobil,maxmin,40.3988785044362
2020-05-12,mobil,meanvar,-13.1623891198571
2020-05-12,sales,maxmin,62.3392691855212
2020-05-12,sales,meanvar,-8.88146885247307
2020-05-13,activ.dom,maxmin,62.0407395971738
2020-05-13,activ.dom,meanvar,-10.6821826952812
2020-05-13,activ.int,maxmin,6.05509875140387
2020-05-13,activ.int,meanvar,-28.7423084367289
2020-05-13,activ.tot,maxmin,50.3256290238047
2020-05-13,activ.tot,meanvar,-16.174744877199
2020-05-13,mobil,maxmin,42.0897766660193
2020-05-13,mobil,meanvar,-12.7889689726127
2020-05-13,sales,maxmin,64.798964977093
2020-05-13,sales,meanvar,-8.30140279727573
2020-05-14,activ.dom,maxmin,64.3857133775643
2020-05-14,activ.dom,meanvar,-10.0222794708256
2020-05-14,activ.int,maxmin,6.5509503094673
2020-05-14,activ.int,meanvar,-28.5906033603355
2020-05-14,activ.tot,maxmin,52.3216531076032
2020-05-14,activ.tot,meanvar,-15.5248085078053
2020-05-14,mobil,maxmin,43.7806748276024
2020-05-14,mobil,meanvar,-12.4155488253682
2020-05-14,sales,maxmin,67.2586607686648
2020-05-14,sales,meanvar,-7.72133674207838
2020-05-15,activ.dom,maxmin,66.6666092799683
2020-05-15,activ.dom,meanvar,-9.38040851549519
2020-05-15,activ.int,maxmin,7.14108143217187
2020-05-15,activ.int,meanvar,-28.4100535857181
2020-05-15,activ.tot,maxmin,54.3247723840782
2020-05-15,activ.tot,meanvar,-14.8725618337385
2020-05-15,mobil,maxmin,46.7582002310401
2020-05-15,mobil,meanvar,-11.7579882461227
2020-05-15,sales,maxmin,68.3079572677499
2020-05-15,sales,meanvar,-7.47388285650346
2020-05-16,activ.dom,maxmin,68.9475051823722
2020-05-16,activ.dom,meanvar,-8.73853756016479
2020-05-16,activ.int,maxmin,7.73121255487645
2020-05-16,activ.int,meanvar,-28.2295038111007
2020-05-16,activ.tot,maxmin,56.3278916605531
2020-05-16,activ.tot,meanvar,-14.2203151596718
2020-05-16,mobil,maxmin,49.7357256344779
2020-05-16,mobil,meanvar,-11.1004276668771
2020-05-16,sales,maxmin,69.3572537668351
2020-05-16,sales,meanvar,-7.22642897092855
2020-05-17,activ.dom,maxmin,70.4032978772509
2020-05-17,activ.dom,meanvar,-8.32886035971039
2020-05-17,activ.int,maxmin,8.61664673431413
2020-05-17,activ.int,meanvar,-27.9586064878018
2020-05-17,activ.tot,maxmin,57.7061139206601
2020-05-17,activ.tot,meanvar,-13.7715446366995
2020-05-17,mobil,maxmin,51.9111533318668
2020-05-17,mobil,meanvar,-10.6200033873226
2020-05-17,sales,maxmin,69.2990561667204
2020-05-17,sales,meanvar,-7.24015361624288
2020-05-18,activ.dom,maxmin,71.8590905721296
2020-05-18,activ.dom,meanvar,-7.91918315925598
2020-05-18,activ.int,maxmin,9.5020809137518
2020-05-18,activ.int,meanvar,-27.687709164503
2020-05-18,activ.tot,maxmin,59.084336180767
2020-05-18,activ.tot,meanvar,-13.3227741137272
2020-05-18,mobil,maxmin,54.0865810292557
2020-05-18,mobil,meanvar,-10.1395791077681
2020-05-18,sales,maxmin,69.2408585666057
2020-05-18,sales,meanvar,-7.25387826155721
2020-05-19,activ.dom,maxmin,72.1894238922166
2020-05-19,activ.dom,meanvar,-7.82622347463457
2020-05-19,activ.int,maxmin,10.7141934022536
2020-05-19,activ.int,meanvar,-27.3168650788581
2020-05-19,activ.tot,maxmin,59.5817072842411
2020-05-19,activ.tot,meanvar,-13.1608223758413
2020-05-19,mobil,maxmin,54.1990532624608
2020-05-19,mobil,meanvar,-10.1147405936349
2020-05-19,sales,maxmin,69.5566806392408
2020-05-19,sales,meanvar,-7.17939845619046
2020-05-20,activ.dom,maxmin,72.5197572123036
2020-05-20,activ.dom,meanvar,-7.73326379001317
2020-05-20,activ.int,maxmin,11.9263058907555
2020-05-20,activ.int,meanvar,-26.9460209932133
2020-05-20,activ.tot,maxmin,60.0790783877151
2020-05-20,activ.tot,meanvar,-12.9988706379554
2020-05-20,mobil,maxmin,54.3115254956658
2020-05-20,mobil,meanvar,-10.0899020795016
2020-05-20,sales,maxmin,69.8725027118758
2020-05-20,sales,meanvar,-7.10491865082372
2020-05-21,activ.dom,maxmin,73.2108683639578
2020-05-21,activ.dom,meanvar,-7.53877697687793
2020-05-21,activ.int,maxmin,13.4245684416612
2020-05-21,activ.int,meanvar,-26.4876297044367
2020-05-21,activ.tot,maxmin,60.9390097874855
2020-05-21,activ.tot,meanvar,-12.7188636498479
2020-05-21,mobil,maxmin,54.0573009842242
2020-05-21,mobil,meanvar,-10.1460453509609
2020-05-21,sales,maxmin,71.6799101855036
2020-05-21,sales,meanvar,-6.6786806880017
2020-05-22,activ.dom,maxmin,73.9019795156121
2020-05-22,activ.dom,meanvar,-7.34429016374268
2020-05-22,activ.int,maxmin,14.922830992567
2020-05-22,activ.int,meanvar,-26.0292384156601
2020-05-22,activ.tot,maxmin,61.798941187256
2020-05-22,activ.tot,meanvar,-12.4388566617404
2020-05-22,mobil,maxmin,53.8030764727826
2020-05-22,mobil,meanvar,-10.2021886224201
2020-05-22,sales,maxmin,73.4873176591314
2020-05-22,sales,meanvar,-6.25244272517967
2020-05-23,activ.dom,maxmin,75.4929162502088
2020-05-23,activ.dom,meanvar,-6.89658183973298
2020-05-23,activ.int,maxmin,16.5071690810736
2020-05-23,activ.int,meanvar,-25.5445124390218
2020-05-23,activ.tot,maxmin,63.4214453582403
2020-05-23,activ.tot,meanvar,-11.910544163522
2020-05-23,mobil,maxmin,54.3178879270158
2020-05-23,mobil,meanvar,-10.0884969918946
2020-05-23,sales,maxmin,76.4263110398056
2020-05-23,sales,meanvar,-5.55934469963506
2020-05-24,activ.dom,maxmin,77.0838529848056
2020-05-24,activ.dom,meanvar,-6.44887351572328
2020-05-24,activ.int,maxmin,18.0915071695801
2020-05-24,activ.int,meanvar,-25.0597864623835
2020-05-24,activ.tot,maxmin,65.0439495292246
2020-05-24,activ.tot,meanvar,-11.3822316653035
2020-05-24,mobil,maxmin,54.8326993812489
2020-05-24,mobil,meanvar,-9.97480536136919
2020-05-24,sales,maxmin,79.3653044204797
2020-05-24,sales,meanvar,-4.86624667409045
2020-05-25,activ.dom,maxmin,79.8375537031576
2020-05-25,activ.dom,meanvar,-5.67394971980622
2020-05-25,activ.int,maxmin,19.4423528952667
2020-05-25,activ.int,meanvar,-24.6464971408548
2020-05-25,activ.tot,maxmin,67.5916431494182
2020-05-25,activ.tot,meanvar,-10.5526631469292
2020-05-25,mobil,maxmin,57.1056651084583
2020-05-25,mobil,meanvar,-9.47284065656314
2020-05-25,sales,maxmin,82.739161788242
2020-05-25,sales,meanvar,-4.07059538224277
2020-05-26,activ.dom,maxmin,82.5912544215095
2020-05-26,activ.dom,meanvar,-4.89902592388916
2020-05-26,activ.int,maxmin,20.7931986209532
2020-05-26,activ.int,meanvar,-24.233207819326
2020-05-26,activ.tot,maxmin,70.1393367696118
2020-05-26,activ.tot,meanvar,-9.72309462855486
2020-05-26,mobil,maxmin,59.3786308356678
2020-05-26,mobil,meanvar,-8.9708759517571
2020-05-26,sales,maxmin,86.1130191560044
2020-05-26,sales,meanvar,-3.27494409039509
2020-05-27,activ.dom,maxmin,84.5181674886697
2020-05-27,activ.dom,meanvar,-4.35676990512336
2020-05-27,activ.int,maxmin,22.1266303578285
2020-05-27,activ.int,meanvar,-23.8252462828167
2020-05-27,activ.tot,maxmin,72.0232839313549
2020-05-27,activ.tot,meanvar,-9.10965224157586
2020-05-27,mobil,maxmin,62.0998006177536
2020-05-27,mobil,meanvar,-8.36992928105267
2020-05-27,sales,maxmin,86.8223284010252
2020-05-27,sales,meanvar,-3.10766884559284
2020-05-28,activ.dom,maxmin,86.44508055583
2020-05-28,activ.dom,meanvar,-3.81451388635756
2020-05-28,activ.int,maxmin,23.4600620947037
2020-05-28,activ.int,meanvar,-23.4172847463074
2020-05-28,activ.tot,maxmin,73.907231093098
2020-05-28,activ.tot,meanvar,-8.49620985459686
2020-05-28,mobil,maxmin,64.8209703998393
2020-05-28,mobil,meanvar,-7.76898261034823
2020-05-28,sales,maxmin,87.531637646046
2020-05-28,sales,meanvar,-2.94039360079059
2020-05-29,activ.dom,maxmin,86.4419111702513
2020-05-29,activ.dom,meanvar,-3.81540578876623
2020-05-29,activ.int,maxmin,24.8706636815249
2020-05-29,activ.int,meanvar,-22.9857132043621
2020-05-29,activ.tot,maxmin,74.2044691333183
2020-05-29,activ.tot,meanvar,-8.39942454309958
2020-05-29,mobil,maxmin,65.6521651566833
2020-05-29,mobil,meanvar,-7.5854204801494
2020-05-29,sales,maxmin,86.4950943533725
2020-05-29,sales,meanvar,-3.1848399184542
2020-05-30,activ.dom,maxmin,86.4387417846725
2020-05-30,activ.dom,meanvar,-3.81629769117489
2020-05-30,activ.int,maxmin,26.281265268346
2020-05-30,activ.int,meanvar,-22.5541416624169
2020-05-30,activ.tot,maxmin,74.5017071735387
2020-05-30,activ.tot,meanvar,-8.3026392316023
2020-05-30,mobil,maxmin,66.4833599135272
2020-05-30,mobil,meanvar,-7.40185834995056
2020-05-30,sales,maxmin,85.4585510606989
2020-05-30,sales,meanvar,-3.42928623611781
2020-05-31,activ.dom,maxmin,85.6004915204511
2020-05-31,activ.dom,meanvar,-4.05219118255898
2020-05-31,activ.int,maxmin,27.8603949936709
2020-05-31,activ.int,meanvar,-22.0710091770594
2020-05-31,activ.tot,maxmin,74.1349381809672
2020-05-31,activ.tot,meanvar,-8.4220648985434
2020-05-31,mobil,maxmin,65.835734348073
2020-05-31,mobil,meanvar,-7.54488082138361
2020-05-31,sales,maxmin,84.8177309742423
2020-05-31,sales,meanvar,-3.58040979412683
2020-06-01,activ.dom,maxmin,84.7622412562297
2020-06-01,activ.dom,meanvar,-4.28808467394307
2020-06-01,activ.int,maxmin,29.4395247189958
2020-06-01,activ.int,meanvar,-21.5878766917019
2020-06-01,activ.tot,maxmin,73.7681691883956
2020-06-01,activ.tot,meanvar,-8.54149056548449
2020-06-01,mobil,maxmin,65.1881087826187
2020-06-01,mobil,meanvar,-7.68790329281665
2020-06-01,sales,maxmin,84.1769108877856
2020-06-01,sales,meanvar,-3.73153335213585
2020-06-02,activ.dom,maxmin,83.5738542733153
2020-06-02,activ.dom,meanvar,-4.62251075942182
2020-06-02,activ.int,maxmin,31.2762348644365
2020-06-02,activ.int,meanvar,-21.0259378444895
2020-06-02,activ.tot,maxmin,73.1476361920899
2020-06-02,activ.tot,meanvar,-8.74354572402769
2020-06-02,mobil,maxmin,63.5260854213816
2020-06-02,mobil,meanvar,-8.05494669163128
2020-06-02,sales,maxmin,84.0222269305488
2020-06-02,sales,meanvar,-3.76801221801192
2020-06-03,activ.dom,maxmin,82.3854672904009
2020-06-03,activ.dom,meanvar,-4.95693684490056
2020-06-03,activ.int,maxmin,33.1129450098771
2020-06-03,activ.int,meanvar,-20.463998997277
2020-06-03,activ.tot,maxmin,72.5271031957842
2020-06-03,activ.tot,meanvar,-8.94560088257089
2020-06-03,mobil,maxmin,61.8640620601445
2020-06-03,mobil,meanvar,-8.42199009044591
2020-06-03,sales,maxmin,83.867542973312
2020-06-03,sales,meanvar,-3.80449108388799
2020-06-04,activ.dom,maxmin,82.0987929744836
2020-06-04,activ.dom,meanvar,-5.03761037183907
2020-06-04,activ.int,maxmin,34.7058800359636
2020-06-04,activ.int,meanvar,-19.9766427998577
2020-06-04,activ.tot,maxmin,72.5927061002199
2020-06-04,activ.tot,meanvar,-8.92423956039213
2020-06-04,mobil,maxmin,60.8460850987805
2020-06-04,mobil,meanvar,-8.6468014454054
2020-06-04,sales,maxmin,84.8344878334336
2020-06-04,sales,meanvar,-3.57645805129671
2020-06-05,activ.dom,maxmin,81.8121186585664
2020-06-05,activ.dom,meanvar,-5.11828389877757
2020-06-05,activ.int,maxmin,36.29881506205
2020-06-05,activ.int,meanvar,-19.4892866024385
2020-06-05,activ.tot,maxmin,72.6583090046555
2020-06-05,activ.tot,meanvar,-8.90287823821337
2020-06-05,mobil,maxmin,59.8281081374165
2020-06-05,mobil,meanvar,-8.87161280036489
2020-06-05,sales,maxmin,85.8014326935553
2020-06-05,sales,meanvar,-3.34842501870542
2020-06-06,activ.dom,maxmin,82.3546966687421
2020-06-06,activ.dom,meanvar,-4.96559606003592
2020-06-06,activ.int,maxmin,37.5583436091556
2020-06-06,activ.int,meanvar,-19.1039356413471
2020-06-06,activ.tot,maxmin,73.3628722626087
2020-06-06,activ.tot,meanvar,-8.67346152445764
2020-06-06,mobil,maxmin,60.6455175490623
2020-06-06,mobil,meanvar,-8.69109504371301
2020-06-06,sales,maxmin,85.9921772276713
2020-06-06,sales,meanvar,-3.30344204567507
2020-06-07,activ.dom,maxmin,82.8972746789178
2020-06-07,activ.dom,meanvar,-4.81290822129427
2020-06-07,activ.int,maxmin,38.8178721562613
2020-06-07,activ.int,meanvar,-18.7185846802558
2020-06-07,activ.tot,maxmin,74.0674355205619
2020-06-07,activ.tot,meanvar,-8.44404481070192
2020-06-07,mobil,maxmin,61.4629269607081
2020-06-07,mobil,meanvar,-8.51057728706112
2020-06-07,sales,maxmin,86.1829217617873
2020-06-07,sales,meanvar,-3.25845907264473
2020-06-08,activ.dom,maxmin,84.3849490821053
2020-06-08,activ.dom,meanvar,-4.39425913284261
2020-06-08,activ.int,maxmin,39.5548756770502
2020-06-08,activ.int,meanvar,-18.4930995050954
2020-06-08,activ.tot,maxmin,75.4645571139733
2020-06-08,activ.tot,meanvar,-7.98912037196702
2020-06-08,mobil,maxmin,64.2170823133152
2020-06-08,mobil,meanvar,-7.90234604009959
2020-06-08,sales,maxmin,85.6285846986521
2020-06-08,sales,meanvar,-3.3891874800211
2020-06-09,activ.dom,maxmin,85.8726234852928
2020-06-09,activ.dom,meanvar,-3.97561004439095
2020-06-09,activ.int,maxmin,40.2918791978391
2020-06-09,activ.int,meanvar,-18.267614329935
2020-06-09,activ.tot,maxmin,76.8616787073847
2020-06-09,activ.tot,meanvar,-7.53419593323213
2020-06-09,mobil,maxmin,66.9712376659224
2020-06-09,mobil,meanvar,-7.29411479313806
2020-06-09,sales,maxmin,85.0742476355168
2020-06-09,sales,meanvar,-3.51991588739748
2020-06-10,activ.dom,maxmin,86.8895844601479
2020-06-10,activ.dom,meanvar,-3.68942525543324
2020-06-10,activ.int,maxmin,41.1399304108115
2020-06-10,activ.int,meanvar,-18.0081542718644
2020-06-10,activ.tot,maxmin,77.8662059010301
2020-06-10,activ.tot,meanvar,-7.20710631417668
2020-06-10,mobil,maxmin,68.8086771685922
2020-06-10,mobil,meanvar,-6.88833226570462
2020-06-10,sales,maxmin,85.1410591760824
2020-06-10,sales,meanvar,-3.50415983052642
2020-06-11,activ.dom,maxmin,87.906545435003
2020-06-11,activ.dom,meanvar,-3.40324046647552
2020-06-11,activ.int,maxmin,41.9879816237839
2020-06-11,activ.int,meanvar,-17.7486942137938
2020-06-11,activ.tot,maxmin,78.8707330946754
2020-06-11,activ.tot,meanvar,-6.88001669512123
2020-06-11,mobil,maxmin,70.6461166712621
2020-06-11,mobil,meanvar,-6.48254973827118
2020-06-11,sales,maxmin,85.207870716648
2020-06-11,sales,meanvar,-3.48840377365535
2020-06-12,activ.dom,maxmin,88.2770116589414
2020-06-12,activ.dom,meanvar,-3.29898691030651
2020-06-12,activ.int,maxmin,44.2667711370964
2020-06-12,activ.int,meanvar,-17.0515018150207
2020-06-12,activ.tot,maxmin,79.5807261548256
2020-06-12,activ.tot,meanvar,-6.64883195363727
2020-06-12,mobil,maxmin,71.3128759543027
2020-06-12,mobil,meanvar,-6.33530175178304
2020-06-12,sales,maxmin,86.0082838653882
2020-06-12,sales,meanvar,-3.29964364351701
2020-06-13,activ.dom,maxmin,88.6474778828797
2020-06-13,activ.dom,meanvar,-3.1947333541375
2020-06-13,activ.int,maxmin,46.5455606504089
2020-06-13,activ.int,meanvar,-16.3543094162476
2020-06-13,activ.tot,maxmin,80.2907192149757
2020-06-13,activ.tot,meanvar,-6.4176472121533
2020-06-13,mobil,maxmin,71.9796352373432
2020-06-13,mobil,meanvar,-6.18805376529489
2020-06-13,sales,maxmin,86.8086970141283
2020-06-13,sales,meanvar,-3.11088351337868
2020-06-14,activ.dom,maxmin,88.8746218490097
2020-06-14,activ.dom,meanvar,-3.13081236836004
2020-06-14,activ.int,maxmin,50.1440657659925
2020-06-14,activ.int,meanvar,-15.2533519127684
2020-06-14,activ.tot,maxmin,81.1266634433253
2020-06-14,activ.tot,meanvar,-6.14545081873342
2020-06-14,mobil,maxmin,72.571308786076
2020-06-14,mobil,meanvar,-6.05738780994157
2020-06-14,sales,maxmin,88.1002703434966
2020-06-14,sales,meanvar,-2.80629387724078
2020-06-15,activ.dom,maxmin,89.1017658151398
2020-06-15,activ.dom,meanvar,-3.06689138258258
2020-06-15,activ.int,maxmin,53.7425708815761
2020-06-15,activ.int,meanvar,-14.1523944092893
2020-06-15,activ.tot,maxmin,81.9626076716749
2020-06-15,activ.tot,meanvar,-5.87325442531354
2020-06-15,mobil,maxmin,73.1629823348088
2020-06-15,mobil,meanvar,-5.92672185458824
2020-06-15,sales,maxmin,89.3918436728649
2020-06-15,sales,meanvar,-2.50170424110289
2020-06-16,activ.dom,maxmin,90.0500044827084
2020-06-16,activ.dom,meanvar,-2.80004585982461
2020-06-16,activ.int,maxmin,57.9413394981172
2020-06-16,activ.int,meanvar,-12.8677871445296
2020-06-16,activ.tot,maxmin,83.5295153696602
2020-06-16,activ.tot,meanvar,-5.36304500015187
2020-06-16,mobil,maxmin,74.926274731106
2020-06-16,mobil,meanvar,-5.53731407047671
2020-06-16,sales,maxmin,90.7964776350922
2020-06-16,sales,meanvar,-2.17045169993204
2020-06-17,activ.dom,maxmin,90.998243150277
2020-06-17,activ.dom,meanvar,-2.53320033706665
2020-06-17,activ.int,maxmin,62.1401081146583
2020-06-17,activ.int,meanvar,-11.5831798797698
2020-06-17,activ.tot,maxmin,85.0964230676456
2020-06-17,activ.tot,meanvar,-4.8528355749902
2020-06-17,mobil,maxmin,76.6895671274033
2020-06-17,mobil,meanvar,-5.14790628636517
2020-06-17,sales,maxmin,92.2011115973194
2020-06-17,sales,meanvar,-1.83919915876119
2020-06-18,activ.dom,maxmin,93.2478501077703
2020-06-18,activ.dom,meanvar,-1.90013445913584
2020-06-18,activ.int,maxmin,66.4300871334017
2020-06-18,activ.int,meanvar,-10.2706669226533
2020-06-18,activ.tot,maxmin,87.7654175013596
2020-06-18,activ.tot,meanvar,-3.9837696322191
2020-06-18,mobil,maxmin,80.3110605106878
2020-06-18,mobil,meanvar,-4.34813098164499
2020-06-18,sales,maxmin,93.6109600616897
2020-06-18,sales,meanvar,-1.50671689003694
2020-06-19,activ.dom,maxmin,95.4974570652636
2020-06-19,activ.dom,meanvar,-1.26706858120503
2020-06-19,activ.int,maxmin,70.7200661521451
2020-06-19,activ.int,meanvar,-8.95815396553669
2020-06-19,activ.tot,maxmin,90.4344119350736
2020-06-19,activ.tot,meanvar,-3.11470368944801
2020-06-19,mobil,maxmin,83.9325538939724
2020-06-19,mobil,meanvar,-3.54835567692481
2020-06-19,sales,maxmin,95.0208085260599
2020-06-19,sales,meanvar,-1.17423462131269
2020-06-20,activ.dom,maxmin,98.4640619457737
2020-06-20,activ.dom,meanvar,-0.432231047964752
2020-06-20,activ.int,maxmin,73.3249932695423
2020-06-20,activ.int,meanvar,-8.16118023233423
2020-06-20,activ.tot,maxmin,93.381258913154
2020-06-20,activ.tot,meanvar,-2.15516465300128
2020-06-20,mobil,maxmin,87.7303574113051
2020-06-20,mobil,meanvar,-2.70964381309492
2020-06-20,sales,maxmin,96.9858097095776
2020-06-20,sales,meanvar,-0.710831590382244
2020-06-21,activ.dom,maxmin,101.430666826284
2020-06-21,activ.dom,meanvar,0.402606485275527
2020-06-21,activ.int,maxmin,75.9299203869395
2020-06-21,activ.int,meanvar,-7.36420649913177
2020-06-21,activ.tot,maxmin,96.3281058912344
2020-06-21,activ.tot,meanvar,-1.19562561655456
2020-06-21,mobil,maxmin,91.5281609286379
2020-06-21,mobil,meanvar,-1.87093194926503
2020-06-21,sales,maxmin,98.9508108930953
2020-06-21,sales,meanvar,-0.247428559451797
2020-06-22,activ.dom,maxmin,104.206721522643
2020-06-22,activ.dom,meanvar,1.18382095373216
2020-06-22,activ.int,maxmin,77.6366257299875
2020-06-22,activ.int,meanvar,-6.84204243563791
2020-06-22,activ.tot,maxmin,98.9315073293292
2020-06-22,activ.tot,meanvar,-0.347917769498052
2020-06-22,mobil,maxmin,93.9446761076656
2020-06-22,mobil,meanvar,-1.33726559698386
2020-06-22,sales,maxmin,102.042473540841
2020-06-22,sales,meanvar,0.481673210866358
2020-06-23,activ.dom,maxmin,106.982776219002
2020-06-23,activ.dom,meanvar,1.96503542218879
2020-06-23,activ.int,maxmin,79.3433310730354
2020-06-23,activ.int,meanvar,-6.31987837214405
2020-06-23,activ.tot,maxmin,101.534908767424
2020-06-23,activ.tot,meanvar,0.499790077558452
2020-06-23,mobil,maxmin,96.3611912866934
2020-06-23,mobil,meanvar,-0.803599244702689
2020-06-23,sales,maxmin,105.134136188588
2020-06-23,sales,meanvar,1.21077498118451
2020-06-24,activ.dom,maxmin,107.189531526541
2020-06-24,activ.dom,meanvar,2.02321879944415
2020-06-24,activ.int,maxmin,81.0534364374474
2020-06-24,activ.int,meanvar,-5.79667407696715
2020-06-24,activ.tot,maxmin,101.976299723273
2020-06-24,activ.tot,meanvar,0.643513811984337
2020-06-24,mobil,maxmin,94.9638845755147
2020-06-24,mobil,meanvar,-1.11218227453193
2020-06-24,sales,maxmin,107.981466998745
2020-06-24,sales,meanvar,1.88225637191153
2020-06-25,activ.dom,maxmin,107.39628683408
2020-06-25,activ.dom,meanvar,2.08140217669951
2020-06-25,activ.int,maxmin,82.7635418018594
2020-06-25,activ.int,meanvar,-5.27346978179026
2020-06-25,activ.tot,maxmin,102.417690679121
2020-06-25,activ.tot,meanvar,0.787237546410216
2020-06-25,mobil,maxmin,93.566577864336
2020-06-25,mobil,meanvar,-1.42076530436116
2020-06-25,sales,maxmin,110.828797808903
2020-06-25,sales,meanvar,2.55373776263855
2020-06-26,activ.dom,maxmin,107.472636143429
2020-06-26,activ.dom,meanvar,2.102887771057
2020-06-26,activ.int,maxmin,84.9346177959023
2020-06-26,activ.int,meanvar,-4.60923218048361
2020-06-26,activ.tot,maxmin,102.830372883543
2020-06-26,activ.tot,meanvar,0.921613266539023
2020-06-26,mobil,maxmin,91.8663829298005
2020-06-26,mobil,meanvar,-1.79623856302514
2020-06-26,sales,maxmin,113.95403516588
2020-06-26,sales,meanvar,3.29075740198936
2020-06-27,activ.dom,maxmin,107.548985452778
2020-06-27,activ.dom,meanvar,2.12437336541448
2020-06-27,activ.int,maxmin,87.1056937899451
2020-06-27,activ.int,meanvar,-3.94499457917696
2020-06-27,activ.tot,maxmin,103.243055087964
2020-06-27,activ.tot,meanvar,1.05598898666783
2020-06-27,mobil,maxmin,90.1661879952649
2020-06-27,mobil,meanvar,-2.17171182168913
2020-06-27,sales,maxmin,117.079272522857
2020-06-27,sales,meanvar,4.02777704134017
2020-06-28,activ.dom,maxmin,107.284445706337
2020-06-28,activ.dom,meanvar,2.04992876687237
2020-06-28,activ.int,maxmin,89.3356418452302
2020-06-28,activ.int,meanvar,-3.26274515476932
2020-06-28,activ.tot,maxmin,103.381854992195
2020-06-28,activ.tot,meanvar,1.10118438614237
2020-06-28,mobil,maxmin,88.0045220062464
2020-06-28,mobil,meanvar,-2.64909694768446
2020-06-28,sales,maxmin,120.157433017079
2020-06-28,sales,meanvar,4.75369462076856
2020-06-29,activ.dom,maxmin,107.019905959897
2020-06-29,activ.dom,meanvar,1.97548416833026
2020-06-29,activ.int,maxmin,91.5655899005153
2020-06-29,activ.int,meanvar,-2.58049573036168
2020-06-29,activ.tot,maxmin,103.520654896426
2020-06-29,activ.tot,meanvar,1.1463797856169
2020-06-29,mobil,maxmin,85.8428560172278
2020-06-29,mobil,meanvar,-3.1264820736798
2020-06-29,sales,maxmin,123.235593511302
2020-06-29,sales,meanvar,5.47961220019696
